ExposureScoreId,DateKey,DeviceId,ExposureScore,ExposureLevel,PreviousExposureScore,ScoreChange
es-0000,20241201,,35.2,Medium,35.0,0.2
es-0001,20241202,,34.7,Medium,35.2,-0.5
es-0002,20241203,,33.8,Medium,34.7,-0.8
es-0003,20241204,,34.7,Medium,33.8,0.9
es-0004,20241205,,34.7,Medium,34.7,0.0
es-0005,20241206,,35.6,Medium,34.7,0.8
es-0006,20241207,,34.6,Medium,35.6,-1.0
es-0007,20241208,,33.4,Medium,34.6,-1.1
es-0008,20241209,,34.1,Medium,33.4,0.6
es-0009,20241210,,34.3,Medium,34.1,0.2
es-0010,20241211,,33.3,Medium,34.3,-1.0
es-0011,20241212,,32.4,Medium,33.3,-0.8
es-0012,20241213,,32.9,Medium,32.4,0.5
es-0013,20241214,,32.6,Medium,32.9,-0.4
es-0014,20241215,,32.7,Medium,32.6,0.2
es-0015,20241216,,32.0,Medium,32.7,-0.7
es-0016,20241217,,31.5,Medium,32.0,-0.5
es-0017,20241218,,32.5,Medium,31.5,1.0
es-0018,20241219,,31.6,Medium,32.5,-0.9
es-0019,20241220,,31.3,Medium,31.6,-0.2
es-0020,20241221,,32.0,Medium,31.3,0.6
es-0021,20241222,,31.1,Medium,32.0,-0.9
es-0022,20241223,,30.6,Medium,31.1,-0.5
es-0023,20241224,,30.6,Medium,30.6,0.0
es-0024,20241225,,30.3,Medium,30.6,-0.3
es-0025,20241226,,30.0,Medium,30.3,-0.4
es-0026,20241227,,29.4,Medium,30.0,-0.6
es-0027,20241228,,29.4,Medium,29.4,-0.0
es-0028,20241229,,29.4,Medium,29.4,0.1
es-0029,20241230,,29.6,Medium,29.4,0.1
es-0030,20241231,,28.2,Medium,29.6,-1.3
es-0031,20250101,,28.3,Medium,28.2,0.1
es-0032,20250102,,29.2,Medium,28.3,0.9
es-0033,20250103,,29.0,Medium,29.2,-0.1
es-0034,20250104,,29.3,Medium,29.0,0.3
es-0035,20250105,,29.2,Medium,29.3,-0.1
es-0036,20250106,,29.9,Medium,29.2,0.6
es-0037,20250107,,30.7,Medium,29.9,0.8
es-0038,20250108,,29.6,Medium,30.7,-1.0
es-0039,20250109,,29.2,Medium,29.6,-0.4
es-0040,20250110,,28.7,Medium,29.2,-0.5
es-0041,20250111,,28.2,Medium,28.7,-0.5
es-0042,20250112,,27.0,Medium,28.2,-1.2
es-0043,20250113,,27.6,Medium,27.0,0.5
es-0044,20250114,,26.2,Medium,27.6,-1.4
es-0045,20250115,,26.0,Medium,26.2,-0.2
es-0046,20250116,,26.1,Medium,26.0,0.2
es-0047,20250117,,25.2,Medium,26.1,-1.0
es-0048,20250118,,25.9,Medium,25.2,0.8
es-0049,20250119,,26.5,Medium,25.9,0.6
es-0050,20250120,,26.2,Medium,26.5,-0.3
es-0051,20250121,,25.7,Medium,26.2,-0.5
es-0052,20250122,,24.8,Low,25.7,-0.9
es-0053,20250123,,25.1,Medium,24.8,0.3
es-0054,20250124,,24.0,Low,25.1,-1.2
es-0055,20250125,,24.2,Low,24.0,0.2
es-0056,20250126,,24.8,Low,24.2,0.6
es-0057,20250127,,23.8,Low,24.8,-0.9
es-0058,20250128,,24.5,Low,23.8,0.7
es-0059,20250129,,23.1,Low,24.5,-1.4
es-0060,20250130,,23.9,Low,23.1,0.8
es-0061,20250131,,22.7,Low,23.9,-1.2
es-0062,20250201,,22.8,Low,22.7,0.1
es-0063,20250202,,21.9,Low,22.8,-0.9
es-0064,20250203,,22.5,Low,21.9,0.6
es-0065,20250204,,22.3,Low,22.5,-0.2
es-0066,20250205,,21.1,Low,22.3,-1.2
es-0067,20250206,,21.1,Low,21.1,-0.1
es-0068,20250207,,20.6,Low,21.1,-0.5
es-0069,20250208,,20.7,Low,20.6,0.2
es-0070,20250209,,21.4,Low,20.7,0.7
es-0071,20250210,,21.0,Low,21.4,-0.5
es-0072,20250211,,20.2,Low,21.0,-0.8
es-0073,20250212,,18.7,Low,20.2,-1.5
es-0074,20250213,,18.7,Low,18.7,-0.1
es-0075,20250214,,18.2,Low,18.7,-0.5
es-0076,20250215,,17.6,Low,18.2,-0.6
es-0077,20250216,,16.6,Low,17.6,-1.0
es-0078,20250217,,16.1,Low,16.6,-0.4
es-0079,20250218,,17.1,Low,16.1,1.0
es-0080,20250219,,16.3,Low,17.1,-0.8
es-0081,20250220,,16.3,Low,16.3,-0.0
es-0082,20250221,,16.8,Low,16.3,0.4
es-0083,20250222,,17.1,Low,16.8,0.4
es-0084,20250223,,16.5,Low,17.1,-0.7
es-0085,20250224,,16.5,Low,16.5,0.0
es-0086,20250225,,17.2,Low,16.5,0.7
es-0087,20250226,,15.7,Low,17.2,-1.5
es-0088,20250227,,15.3,Low,15.7,-0.4
es-0089,20250228,,14.4,Low,15.3,-0.9
es-0090,20241201,device-0000,30.0,Medium,30.5,-0.5
es-0091,20241202,device-0000,30.6,Medium,30.0,0.6
es-0092,20241203,device-0000,28.9,Medium,30.6,-1.7
es-0093,20241204,device-0000,28.7,Medium,28.9,-0.2
es-0094,20241205,device-0000,28.7,Medium,28.7,-0.0
es-0095,20241206,device-0000,28.4,Medium,28.7,-0.3
es-0096,20241207,device-0000,29.0,Medium,28.4,0.6
es-0097,20241208,device-0000,28.3,Medium,29.0,-0.7
es-0098,20241209,device-0000,29.7,Medium,28.3,1.3
es-0099,20241210,device-0000,29.3,Medium,29.7,-0.3
es-0100,20241211,device-0000,29.3,Medium,29.3,-0.0
es-0101,20241212,device-0000,30.2,Medium,29.3,0.9
es-0102,20241213,device-0000,29.2,Medium,30.2,-1.0
es-0103,20241214,device-0000,27.5,Medium,29.2,-1.7
es-0104,20241215,device-0000,27.9,Medium,27.5,0.5
es-0105,20241216,device-0000,27.6,Medium,27.9,-0.3
es-0106,20241217,device-0000,28.8,Medium,27.6,1.1
es-0107,20241218,device-0000,30.2,Medium,28.8,1.4
es-0108,20241219,device-0000,29.6,Medium,30.2,-0.6
es-0109,20241220,device-0000,29.1,Medium,29.6,-0.5
es-0110,20241221,device-0000,28.5,Medium,29.1,-0.6
es-0111,20241222,device-0000,27.6,Medium,28.5,-0.9
es-0112,20241223,device-0000,28.4,Medium,27.6,0.7
es-0113,20241224,device-0000,29.0,Medium,28.4,0.7
es-0114,20241225,device-0000,28.7,Medium,29.0,-0.3
es-0115,20241226,device-0000,26.8,Medium,28.7,-1.8
es-0116,20241227,device-0000,25.9,Medium,26.8,-0.9
es-0117,20241228,device-0000,24.9,Low,25.9,-1.0
es-0118,20241229,device-0000,25.8,Medium,24.9,0.8
es-0119,20241230,device-0000,24.1,Low,25.8,-1.7
es-0120,20241231,device-0000,24.9,Low,24.1,0.8
es-0121,20250101,device-0000,25.3,Medium,24.9,0.3
es-0122,20250102,device-0000,25.8,Medium,25.3,0.6
es-0123,20250103,device-0000,25.3,Medium,25.8,-0.5
es-0124,20250104,device-0000,25.7,Medium,25.3,0.4
es-0125,20250105,device-0000,25.8,Medium,25.7,0.1
es-0126,20250106,device-0000,26.5,Medium,25.8,0.7
es-0127,20250107,device-0000,26.1,Medium,26.5,-0.4
es-0128,20250108,device-0000,25.7,Medium,26.1,-0.3
es-0129,20250109,device-0000,26.0,Medium,25.7,0.3
es-0130,20250110,device-0000,24.4,Low,26.0,-1.6
es-0131,20250111,device-0000,23.9,Low,24.4,-0.5
es-0132,20250112,device-0000,25.3,Medium,23.9,1.4
es-0133,20250113,device-0000,23.4,Low,25.3,-1.9
es-0134,20250114,device-0000,22.5,Low,23.4,-0.9
es-0135,20250115,device-0000,21.6,Low,22.5,-0.9
es-0136,20250116,device-0000,21.9,Low,21.6,0.2
es-0137,20250117,device-0000,20.2,Low,21.9,-1.6
es-0138,20250118,device-0000,20.4,Low,20.2,0.2
es-0139,20250119,device-0000,18.8,Low,20.4,-1.7
es-0140,20250120,device-0000,17.1,Low,18.8,-1.7
es-0141,20250121,device-0000,17.6,Low,17.1,0.5
es-0142,20250122,device-0000,16.8,Low,17.6,-0.9
es-0143,20250123,device-0000,18.2,Low,16.8,1.4
es-0144,20250124,device-0000,16.3,Low,18.2,-1.9
es-0145,20250125,device-0000,15.9,Low,16.3,-0.4
es-0146,20250126,device-0000,14.3,Low,15.9,-1.6
es-0147,20250127,device-0000,13.5,Low,14.3,-0.8
es-0148,20250128,device-0000,15.0,Low,13.5,1.5
es-0149,20250129,device-0000,16.1,Low,15.0,1.1
es-0150,20250130,device-0000,14.3,Low,16.1,-1.8
es-0151,20250131,device-0000,14.3,Low,14.3,-0.0
es-0152,20250201,device-0000,14.5,Low,14.3,0.3
es-0153,20250202,device-0000,13.3,Low,14.5,-1.3
es-0154,20250203,device-0000,11.8,Low,13.3,-1.5
es-0155,20250204,device-0000,12.9,Low,11.8,1.2
es-0156,20250205,device-0000,14.3,Low,12.9,1.4
es-0157,20250206,device-0000,15.8,Low,14.3,1.5
es-0158,20250207,device-0000,16.6,Low,15.8,0.8
es-0159,20250208,device-0000,16.9,Low,16.6,0.3
es-0160,20250209,device-0000,16.1,Low,16.9,-0.8
es-0161,20250210,device-0000,14.7,Low,16.1,-1.4
es-0162,20250211,device-0000,13.0,Low,14.7,-1.7
es-0163,20250212,device-0000,13.4,Low,13.0,0.4
es-0164,20250213,device-0000,14.1,Low,13.4,0.7
es-0165,20250214,device-0000,15.0,Low,14.1,0.9
es-0166,20250215,device-0000,16.2,Low,15.0,1.2
es-0167,20250216,device-0000,17.3,Low,16.2,1.1
es-0168,20250217,device-0000,18.8,Low,17.3,1.5
es-0169,20250218,device-0000,17.7,Low,18.8,-1.1
es-0170,20250219,device-0000,18.3,Low,17.7,0.7
es-0171,20250220,device-0000,18.4,Low,18.3,0.1
es-0172,20250221,device-0000,17.3,Low,18.4,-1.1
es-0173,20250222,device-0000,18.7,Low,17.3,1.4
es-0174,20250223,device-0000,19.9,Low,18.7,1.1
es-0175,20250224,device-0000,18.3,Low,19.9,-1.6
es-0176,20250225,device-0000,16.4,Low,18.3,-1.9
es-0177,20250226,device-0000,16.8,Low,16.4,0.4
es-0178,20250227,device-0000,17.0,Low,16.8,0.1
es-0179,20250228,device-0000,18.2,Low,17.0,1.3
es-0180,20241201,device-0001,22.7,Low,24.4,-1.7
es-0181,20241202,device-0001,21.6,Low,22.7,-1.1
es-0182,20241203,device-0001,19.6,Low,21.6,-1.9
es-0183,20241204,device-0001,17.8,Low,19.6,-1.9
es-0184,20241205,device-0001,19.0,Low,17.8,1.2
es-0185,20241206,device-0001,18.2,Low,19.0,-0.8
es-0186,20241207,device-0001,17.6,Low,18.2,-0.6
es-0187,20241208,device-0001,15.7,Low,17.6,-1.9
es-0188,20241209,device-0001,14.6,Low,15.7,-1.1
es-0189,20241210,device-0001,15.5,Low,14.6,0.8
es-0190,20241211,device-0001,15.6,Low,15.5,0.2
es-0191,20241212,device-0001,16.2,Low,15.6,0.6
es-0192,20241213,device-0001,15.8,Low,16.2,-0.4
es-0193,20241214,device-0001,14.9,Low,15.8,-0.9
es-0194,20241215,device-0001,14.6,Low,14.9,-0.3
es-0195,20241216,device-0001,13.7,Low,14.6,-0.9
es-0196,20241217,device-0001,14.7,Low,13.7,0.9
es-0197,20241218,device-0001,13.7,Low,14.7,-1.0
es-0198,20241219,device-0001,14.0,Low,13.7,0.3
es-0199,20241220,device-0001,12.5,Low,14.0,-1.5
es-0200,20241221,device-0001,12.9,Low,12.5,0.4
es-0201,20241222,device-0001,14.1,Low,12.9,1.2
es-0202,20241223,device-0001,14.2,Low,14.1,0.1
es-0203,20241224,device-0001,14.2,Low,14.2,-0.0
es-0204,20241225,device-0001,15.5,Low,14.2,1.4
es-0205,20241226,device-0001,15.7,Low,15.5,0.2
es-0206,20241227,device-0001,14.6,Low,15.7,-1.1
es-0207,20241228,device-0001,13.7,Low,14.6,-1.0
es-0208,20241229,device-0001,14.1,Low,13.7,0.5
es-0209,20241230,device-0001,14.7,Low,14.1,0.6
es-0210,20241231,device-0001,13.8,Low,14.7,-0.9
es-0211,20250101,device-0001,13.0,Low,13.8,-0.8
es-0212,20250102,device-0001,14.4,Low,13.0,1.5
es-0213,20250103,device-0001,12.8,Low,14.4,-1.6
es-0214,20250104,device-0001,12.2,Low,12.8,-0.6
es-0215,20250105,device-0001,10.4,Low,12.2,-1.8
es-0216,20250106,device-0001,11.3,Low,10.4,0.9
es-0217,20250107,device-0001,9.6,Low,11.3,-1.7
es-0218,20250108,device-0001,10.0,Low,9.6,0.4
es-0219,20250109,device-0001,8.2,Low,10.0,-1.8
es-0220,20250110,device-0001,8.5,Low,8.2,0.4
es-0221,20250111,device-0001,9.5,Low,8.5,1.0
es-0222,20250112,device-0001,8.9,Low,9.5,-0.6
es-0223,20250113,device-0001,8.7,Low,8.9,-0.2
es-0224,20250114,device-0001,8.1,Low,8.7,-0.6
es-0225,20250115,device-0001,7.2,Low,8.1,-0.9
es-0226,20250116,device-0001,8.0,Low,7.2,0.8
es-0227,20250117,device-0001,6.9,Low,8.0,-1.0
es-0228,20250118,device-0001,7.5,Low,6.9,0.5
es-0229,20250119,device-0001,6.2,Low,7.5,-1.3
es-0230,20250120,device-0001,5.1,Low,6.2,-1.1
es-0231,20250121,device-0001,5.0,Low,5.8,-0.8
es-0232,20250122,device-0001,5.1,Low,5.0,0.1
es-0233,20250123,device-0001,5.0,Low,5.4,-0.4
es-0234,20250124,device-0001,5.6,Low,5.0,0.6
es-0235,20250125,device-0001,5.0,Low,6.3,-1.3
es-0236,20250126,device-0001,5.0,Low,7.0,-2.0
es-0237,20250127,device-0001,5.7,Low,5.0,0.7
es-0238,20250128,device-0001,6.6,Low,5.7,0.9
es-0239,20250129,device-0001,5.0,Low,6.8,-1.8
es-0240,20250130,device-0001,5.1,Low,5.0,0.1
es-0241,20250131,device-0001,5.0,Low,5.7,-0.7
es-0242,20250201,device-0001,5.8,Low,5.0,0.8
es-0243,20250202,device-0001,6.8,Low,5.8,1.1
es-0244,20250203,device-0001,7.8,Low,6.8,1.0
es-0245,20250204,device-0001,8.5,Low,7.8,0.7
es-0246,20250205,device-0001,7.5,Low,8.5,-1.1
es-0247,20250206,device-0001,8.3,Low,7.5,0.8
es-0248,20250207,device-0001,8.2,Low,8.3,-0.1
es-0249,20250208,device-0001,6.4,Low,8.2,-1.8
es-0250,20250209,device-0001,6.0,Low,6.4,-0.4
es-0251,20250210,device-0001,7.3,Low,6.0,1.3
es-0252,20250211,device-0001,8.4,Low,7.3,1.1
es-0253,20250212,device-0001,6.7,Low,8.4,-1.6
es-0254,20250213,device-0001,7.3,Low,6.7,0.6
es-0255,20250214,device-0001,8.2,Low,7.3,0.8
es-0256,20250215,device-0001,7.1,Low,8.2,-1.1
es-0257,20250216,device-0001,6.8,Low,7.1,-0.3
es-0258,20250217,device-0001,7.2,Low,6.8,0.5
es-0259,20250218,device-0001,6.8,Low,7.2,-0.5
es-0260,20250219,device-0001,5.2,Low,6.8,-1.6
es-0261,20250220,device-0001,5.7,Low,5.2,0.5
es-0262,20250221,device-0001,6.8,Low,5.7,1.2
es-0263,20250222,device-0001,7.1,Low,6.8,0.3
es-0264,20250223,device-0001,7.8,Low,7.1,0.7
es-0265,20250224,device-0001,7.1,Low,7.8,-0.7
es-0266,20250225,device-0001,5.7,Low,7.1,-1.4
es-0267,20250226,device-0001,6.0,Low,5.7,0.2
es-0268,20250227,device-0001,5.1,Low,6.0,-0.9
es-0269,20250228,device-0001,6.1,Low,5.1,1.0
es-0270,20241201,device-0002,19.4,Low,19.9,-0.5
es-0271,20241202,device-0002,18.8,Low,19.4,-0.6
es-0272,20241203,device-0002,20.1,Low,18.8,1.3
es-0273,20241204,device-0002,18.6,Low,20.1,-1.5
es-0274,20241205,device-0002,16.7,Low,18.6,-2.0
es-0275,20241206,device-0002,15.5,Low,16.7,-1.2
es-0276,20241207,device-0002,16.4,Low,15.5,0.9
es-0277,20241208,device-0002,15.1,Low,16.4,-1.3
es-0278,20241209,device-0002,13.9,Low,15.1,-1.2
es-0279,20241210,device-0002,12.4,Low,13.9,-1.5
es-0280,20241211,device-0002,12.9,Low,12.4,0.5
es-0281,20241212,device-0002,11.1,Low,12.9,-1.8
es-0282,20241213,device-0002,10.3,Low,11.1,-0.8
es-0283,20241214,device-0002,9.3,Low,10.3,-1.0
es-0284,20241215,device-0002,9.2,Low,9.3,-0.1
es-0285,20241216,device-0002,9.8,Low,9.2,0.6
es-0286,20241217,device-0002,9.7,Low,9.8,-0.1
es-0287,20241218,device-0002,10.9,Low,9.7,1.3
es-0288,20241219,device-0002,12.2,Low,10.9,1.3
es-0289,20241220,device-0002,11.5,Low,12.2,-0.7
es-0290,20241221,device-0002,12.2,Low,11.5,0.7
es-0291,20241222,device-0002,12.8,Low,12.2,0.6
es-0292,20241223,device-0002,13.9,Low,12.8,1.1
es-0293,20241224,device-0002,13.5,Low,13.9,-0.4
es-0294,20241225,device-0002,13.4,Low,13.5,-0.1
es-0295,20241226,device-0002,12.8,Low,13.4,-0.5
es-0296,20241227,device-0002,13.8,Low,12.8,1.0
es-0297,20241228,device-0002,12.6,Low,13.8,-1.2
es-0298,20241229,device-0002,11.4,Low,12.6,-1.2
es-0299,20241230,device-0002,10.7,Low,11.4,-0.7
es-0300,20241231,device-0002,9.6,Low,10.7,-1.2
es-0301,20250101,device-0002,9.5,Low,9.6,-0.0
es-0302,20250102,device-0002,8.0,Low,9.5,-1.5
es-0303,20250103,device-0002,7.1,Low,8.0,-0.9
es-0304,20250104,device-0002,8.3,Low,7.1,1.2
es-0305,20250105,device-0002,7.7,Low,8.3,-0.6
es-0306,20250106,device-0002,8.4,Low,7.7,0.6
es-0307,20250107,device-0002,6.8,Low,8.4,-1.6
es-0308,20250108,device-0002,5.6,Low,6.8,-1.1
es-0309,20250109,device-0002,6.4,Low,5.6,0.8
es-0310,20250110,device-0002,7.1,Low,6.4,0.7
es-0311,20250111,device-0002,6.5,Low,7.1,-0.6
es-0312,20250112,device-0002,7.8,Low,6.5,1.3
es-0313,20250113,device-0002,9.0,Low,7.8,1.2
es-0314,20250114,device-0002,10.4,Low,9.0,1.4
es-0315,20250115,device-0002,9.9,Low,10.4,-0.5
es-0316,20250116,device-0002,8.6,Low,9.9,-1.3
es-0317,20250117,device-0002,8.7,Low,8.6,0.2
es-0318,20250118,device-0002,9.1,Low,8.7,0.4
es-0319,20250119,device-0002,7.6,Low,9.1,-1.6
es-0320,20250120,device-0002,8.3,Low,7.6,0.8
es-0321,20250121,device-0002,6.4,Low,8.3,-1.9
es-0322,20250122,device-0002,6.1,Low,6.4,-0.3
es-0323,20250123,device-0002,5.2,Low,6.1,-0.8
es-0324,20250124,device-0002,5.8,Low,5.2,0.6
es-0325,20250125,device-0002,5.0,Low,5.9,-0.9
es-0326,20250126,device-0002,5.9,Low,5.0,0.9
es-0327,20250127,device-0002,6.0,Low,5.9,0.1
es-0328,20250128,device-0002,6.8,Low,6.0,0.8
es-0329,20250129,device-0002,8.2,Low,6.8,1.5
es-0330,20250130,device-0002,8.6,Low,8.2,0.4
es-0331,20250131,device-0002,10.0,Low,8.6,1.4
es-0332,20250201,device-0002,8.1,Low,10.0,-1.9
es-0333,20250202,device-0002,7.3,Low,8.1,-0.8
es-0334,20250203,device-0002,5.7,Low,7.3,-1.6
es-0335,20250204,device-0002,5.0,Low,6.1,-1.1
es-0336,20250205,device-0002,5.9,Low,5.0,0.9
es-0337,20250206,device-0002,5.0,Low,6.9,-1.9
es-0338,20250207,device-0002,5.0,Low,5.2,-0.2
es-0339,20250208,device-0002,5.0,Low,5.0,-0.0
es-0340,20250209,device-0002,5.0,Low,5.0,-0.0
es-0341,20250210,device-0002,5.0,Low,5.3,-0.3
es-0342,20250211,device-0002,5.8,Low,5.0,0.8
es-0343,20250212,device-0002,5.0,Low,6.5,-1.5
es-0344,20250213,device-0002,5.0,Low,5.9,-0.9
es-0345,20250214,device-0002,5.2,Low,5.0,0.2
es-0346,20250215,device-0002,5.6,Low,5.2,0.4
es-0347,20250216,device-0002,5.0,Low,5.6,-0.6
es-0348,20250217,device-0002,6.1,Low,5.0,1.1
es-0349,20250218,device-0002,5.5,Low,6.1,-0.5
es-0350,20250219,device-0002,5.0,Low,5.6,-0.6
es-0351,20250220,device-0002,5.0,Low,6.9,-1.9
es-0352,20250221,device-0002,5.0,Low,5.1,-0.1
es-0353,20250222,device-0002,5.5,Low,5.0,0.5
es-0354,20250223,device-0002,5.0,Low,6.6,-1.6
es-0355,20250224,device-0002,5.0,Low,5.9,-0.9
es-0356,20250225,device-0002,5.7,Low,5.0,0.7
es-0357,20250226,device-0002,5.0,Low,5.7,-0.7
es-0358,20250227,device-0002,5.0,Low,6.2,-1.2
es-0359,20250228,device-0002,5.4,Low,5.0,0.4
es-0360,20241201,device-0003,24.0,Low,22.9,1.1
es-0361,20241202,device-0003,22.4,Low,24.0,-1.6
es-0362,20241203,device-0003,22.8,Low,22.4,0.5
es-0363,20241204,device-0003,22.6,Low,22.8,-0.3
es-0364,20241205,device-0003,23.6,Low,22.6,1.0
es-0365,20241206,device-0003,22.1,Low,23.6,-1.6
es-0366,20241207,device-0003,22.5,Low,22.1,0.4
es-0367,20241208,device-0003,22.5,Low,22.5,0.0
es-0368,20241209,device-0003,22.1,Low,22.5,-0.3
es-0369,20241210,device-0003,21.9,Low,22.1,-0.3
es-0370,20241211,device-0003,22.4,Low,21.9,0.5
es-0371,20241212,device-0003,23.7,Low,22.4,1.3
es-0372,20241213,device-0003,22.0,Low,23.7,-1.7
es-0373,20241214,device-0003,20.1,Low,22.0,-1.9
es-0374,20241215,device-0003,20.9,Low,20.1,0.8
es-0375,20241216,device-0003,19.3,Low,20.9,-1.6
es-0376,20241217,device-0003,20.7,Low,19.3,1.5
es-0377,20241218,device-0003,20.9,Low,20.7,0.2
es-0378,20241219,device-0003,21.2,Low,20.9,0.3
es-0379,20241220,device-0003,19.8,Low,21.2,-1.3
es-0380,20241221,device-0003,18.7,Low,19.8,-1.2
es-0381,20241222,device-0003,19.0,Low,18.7,0.3
es-0382,20241223,device-0003,20.2,Low,19.0,1.2
es-0383,20241224,device-0003,21.6,Low,20.2,1.4
es-0384,20241225,device-0003,20.3,Low,21.6,-1.3
es-0385,20241226,device-0003,18.8,Low,20.3,-1.5
es-0386,20241227,device-0003,17.0,Low,18.8,-1.8
es-0387,20241228,device-0003,18.0,Low,17.0,1.0
es-0388,20241229,device-0003,17.0,Low,18.0,-1.0
es-0389,20241230,device-0003,15.1,Low,17.0,-2.0
es-0390,20241231,device-0003,13.8,Low,15.1,-1.2
es-0391,20250101,device-0003,13.0,Low,13.8,-0.8
es-0392,20250102,device-0003,14.5,Low,13.0,1.5
es-0393,20250103,device-0003,14.3,Low,14.5,-0.2
es-0394,20250104,device-0003,13.0,Low,14.3,-1.3
es-0395,20250105,device-0003,12.2,Low,13.0,-0.8
es-0396,20250106,device-0003,11.4,Low,12.2,-0.8
es-0397,20250107,device-0003,9.4,Low,11.4,-1.9
es-0398,20250108,device-0003,7.9,Low,9.4,-1.5
es-0399,20250109,device-0003,8.4,Low,7.9,0.4
es-0400,20250110,device-0003,6.8,Low,8.4,-1.6
es-0401,20250111,device-0003,5.6,Low,6.8,-1.2
es-0402,20250112,device-0003,5.0,Low,5.8,-0.8
es-0403,20250113,device-0003,5.7,Low,5.0,0.7
es-0404,20250114,device-0003,5.7,Low,5.7,0.0
es-0405,20250115,device-0003,6.1,Low,5.7,0.4
es-0406,20250116,device-0003,6.1,Low,6.1,-0.0
es-0407,20250117,device-0003,6.5,Low,6.1,0.4
es-0408,20250118,device-0003,5.0,Low,7.0,-2.0
es-0409,20250119,device-0003,6.3,Low,5.0,1.3
es-0410,20250120,device-0003,5.0,Low,6.6,-1.6
es-0411,20250121,device-0003,5.0,Low,5.6,-0.6
es-0412,20250122,device-0003,5.7,Low,5.0,0.7
es-0413,20250123,device-0003,5.2,Low,5.7,-0.5
es-0414,20250124,device-0003,6.5,Low,5.2,1.3
es-0415,20250125,device-0003,6.2,Low,6.5,-0.4
es-0416,20250126,device-0003,7.2,Low,6.2,1.1
es-0417,20250127,device-0003,8.1,Low,7.2,0.8
es-0418,20250128,device-0003,9.5,Low,8.1,1.4
es-0419,20250129,device-0003,10.7,Low,9.5,1.2
es-0420,20250130,device-0003,11.9,Low,10.7,1.1
es-0421,20250131,device-0003,12.5,Low,11.9,0.6
es-0422,20250201,device-0003,11.7,Low,12.5,-0.7
es-0423,20250202,device-0003,10.1,Low,11.7,-1.6
es-0424,20250203,device-0003,10.5,Low,10.1,0.4
es-0425,20250204,device-0003,11.9,Low,10.5,1.4
es-0426,20250205,device-0003,12.5,Low,11.9,0.5
es-0427,20250206,device-0003,13.7,Low,12.5,1.3
es-0428,20250207,device-0003,14.6,Low,13.7,0.8
es-0429,20250208,device-0003,13.1,Low,14.6,-1.4
es-0430,20250209,device-0003,12.0,Low,13.1,-1.1
es-0431,20250210,device-0003,11.2,Low,12.0,-0.8
es-0432,20250211,device-0003,9.8,Low,11.2,-1.4
es-0433,20250212,device-0003,9.8,Low,9.8,0.0
es-0434,20250213,device-0003,11.2,Low,9.8,1.4
es-0435,20250214,device-0003,11.9,Low,11.2,0.7
es-0436,20250215,device-0003,11.4,Low,11.9,-0.5
es-0437,20250216,device-0003,9.4,Low,11.4,-2.0
es-0438,20250217,device-0003,8.5,Low,9.4,-0.9
es-0439,20250218,device-0003,8.3,Low,8.5,-0.2
es-0440,20250219,device-0003,7.5,Low,8.3,-0.9
es-0441,20250220,device-0003,5.9,Low,7.5,-1.6
es-0442,20250221,device-0003,5.4,Low,5.9,-0.5
es-0443,20250222,device-0003,5.0,Low,6.1,-1.1
es-0444,20250223,device-0003,6.2,Low,5.0,1.2
es-0445,20250224,device-0003,5.0,Low,6.6,-1.6
es-0446,20250225,device-0003,5.0,Low,6.8,-1.8
es-0447,20250226,device-0003,5.0,Low,7.0,-2.0
es-0448,20250227,device-0003,5.0,Low,5.9,-0.9
es-0449,20250228,device-0003,5.3,Low,5.0,0.3
es-0450,20241201,device-0004,43.8,High,44.2,-0.4
es-0451,20241202,device-0004,44.2,High,43.8,0.4
es-0452,20241203,device-0004,43.5,High,44.2,-0.7
es-0453,20241204,device-0004,43.8,High,43.5,0.3
es-0454,20241205,device-0004,41.9,High,43.8,-1.9
es-0455,20241206,device-0004,41.3,High,41.9,-0.6
es-0456,20241207,device-0004,42.1,High,41.3,0.8
es-0457,20241208,device-0004,42.9,High,42.1,0.8
es-0458,20241209,device-0004,43.4,High,42.9,0.5
es-0459,20241210,device-0004,42.1,High,43.4,-1.3
es-0460,20241211,device-0004,41.0,High,42.1,-1.1
es-0461,20241212,device-0004,42.5,High,41.0,1.5
es-0462,20241213,device-0004,40.8,High,42.5,-1.6
es-0463,20241214,device-0004,39.5,Medium,40.8,-1.4
es-0464,20241215,device-0004,37.9,Medium,39.5,-1.5
es-0465,20241216,device-0004,37.1,Medium,37.9,-0.9
es-0466,20241217,device-0004,35.8,Medium,37.1,-1.3
es-0467,20241218,device-0004,35.5,Medium,35.8,-0.3
es-0468,20241219,device-0004,35.2,Medium,35.5,-0.3
es-0469,20241220,device-0004,36.4,Medium,35.2,1.2
es-0470,20241221,device-0004,34.5,Medium,36.4,-1.9
es-0471,20241222,device-0004,33.6,Medium,34.5,-0.9
es-0472,20241223,device-0004,33.7,Medium,33.6,0.1
es-0473,20241224,device-0004,33.8,Medium,33.7,0.1
es-0474,20241225,device-0004,33.5,Medium,33.8,-0.3
es-0475,20241226,device-0004,34.3,Medium,33.5,0.9
es-0476,20241227,device-0004,32.6,Medium,34.3,-1.8
es-0477,20241228,device-0004,33.4,Medium,32.6,0.9
es-0478,20241229,device-0004,33.1,Medium,33.4,-0.3
es-0479,20241230,device-0004,31.6,Medium,33.1,-1.5
es-0480,20241231,device-0004,32.7,Medium,31.6,1.1
es-0481,20250101,device-0004,33.0,Medium,32.7,0.3
es-0482,20250102,device-0004,31.6,Medium,33.0,-1.4
es-0483,20250103,device-0004,29.7,Medium,31.6,-1.9
es-0484,20250104,device-0004,28.2,Medium,29.7,-1.5
es-0485,20250105,device-0004,28.3,Medium,28.2,0.1
es-0486,20250106,device-0004,26.9,Medium,28.3,-1.4
es-0487,20250107,device-0004,25.7,Medium,26.9,-1.2
es-0488,20250108,device-0004,23.8,Low,25.7,-1.9
es-0489,20250109,device-0004,24.3,Low,23.8,0.5
es-0490,20250110,device-0004,25.2,Medium,24.3,0.8
es-0491,20250111,device-0004,26.0,Medium,25.2,0.8
es-0492,20250112,device-0004,24.4,Low,26.0,-1.6
es-0493,20250113,device-0004,25.6,Medium,24.4,1.2
es-0494,20250114,device-0004,25.9,Medium,25.6,0.4
es-0495,20250115,device-0004,27.1,Medium,25.9,1.1
es-0496,20250116,device-0004,26.6,Medium,27.1,-0.4
es-0497,20250117,device-0004,26.2,Medium,26.6,-0.5
es-0498,20250118,device-0004,26.9,Medium,26.2,0.7
es-0499,20250119,device-0004,25.2,Medium,26.9,-1.7
es-0500,20250120,device-0004,25.0,Medium,25.2,-0.2
es-0501,20250121,device-0004,26.0,Medium,25.0,0.9
es-0502,20250122,device-0004,26.9,Medium,26.0,0.9
es-0503,20250123,device-0004,28.2,Medium,26.9,1.3
es-0504,20250124,device-0004,28.7,Medium,28.2,0.4
es-0505,20250125,device-0004,27.4,Medium,28.7,-1.3
es-0506,20250126,device-0004,25.5,Medium,27.4,-1.9
es-0507,20250127,device-0004,25.1,Medium,25.5,-0.3
es-0508,20250128,device-0004,24.9,Low,25.1,-0.2
es-0509,20250129,device-0004,23.8,Low,24.9,-1.2
es-0510,20250130,device-0004,22.2,Low,23.8,-1.6
es-0511,20250131,device-0004,22.3,Low,22.2,0.1
es-0512,20250201,device-0004,22.9,Low,22.3,0.7
es-0513,20250202,device-0004,24.4,Low,22.9,1.5
es-0514,20250203,device-0004,25.1,Medium,24.4,0.7
es-0515,20250204,device-0004,25.9,Medium,25.1,0.8
es-0516,20250205,device-0004,26.0,Medium,25.9,0.2
es-0517,20250206,device-0004,27.5,Medium,26.0,1.5
es-0518,20250207,device-0004,27.7,Medium,27.5,0.2
es-0519,20250208,device-0004,28.7,Medium,27.7,1.0
es-0520,20250209,device-0004,30.0,Medium,28.7,1.3
es-0521,20250210,device-0004,31.3,Medium,30.0,1.3
es-0522,20250211,device-0004,30.6,Medium,31.3,-0.7
es-0523,20250212,device-0004,28.9,Medium,30.6,-1.7
es-0524,20250213,device-0004,27.5,Medium,28.9,-1.4
es-0525,20250214,device-0004,25.7,Medium,27.5,-1.8
es-0526,20250215,device-0004,24.1,Low,25.7,-1.6
es-0527,20250216,device-0004,22.7,Low,24.1,-1.4
es-0528,20250217,device-0004,21.9,Low,22.7,-0.8
es-0529,20250218,device-0004,21.8,Low,21.9,-0.1
es-0530,20250219,device-0004,22.3,Low,21.8,0.5
es-0531,20250220,device-0004,21.0,Low,22.3,-1.3
es-0532,20250221,device-0004,21.4,Low,21.0,0.4
es-0533,20250222,device-0004,21.9,Low,21.4,0.5
es-0534,20250223,device-0004,21.8,Low,21.9,-0.0
es-0535,20250224,device-0004,23.0,Low,21.8,1.2
es-0536,20250225,device-0004,21.4,Low,23.0,-1.6
es-0537,20250226,device-0004,20.0,Low,21.4,-1.4
es-0538,20250227,device-0004,19.5,Low,20.0,-0.5
es-0539,20250228,device-0004,17.9,Low,19.5,-1.6
es-0540,20241201,device-0005,37.0,Medium,37.7,-0.6
es-0541,20241202,device-0005,36.0,Medium,37.0,-1.0
es-0542,20241203,device-0005,34.6,Medium,36.0,-1.4
es-0543,20241204,device-0005,33.8,Medium,34.6,-0.8
es-0544,20241205,device-0005,33.9,Medium,33.8,0.1
es-0545,20241206,device-0005,34.0,Medium,33.9,0.0
es-0546,20241207,device-0005,32.5,Medium,34.0,-1.4
es-0547,20241208,device-0005,31.0,Medium,32.5,-1.6
es-0548,20241209,device-0005,29.1,Medium,31.0,-1.9
es-0549,20241210,device-0005,27.1,Medium,29.1,-2.0
es-0550,20241211,device-0005,28.2,Medium,27.1,1.1
es-0551,20241212,device-0005,26.3,Medium,28.2,-1.8
es-0552,20241213,device-0005,26.9,Medium,26.3,0.6
es-0553,20241214,device-0005,27.9,Medium,26.9,1.1
es-0554,20241215,device-0005,26.3,Medium,27.9,-1.7
es-0555,20241216,device-0005,25.8,Medium,26.3,-0.5
es-0556,20241217,device-0005,27.2,Medium,25.8,1.4
es-0557,20241218,device-0005,28.1,Medium,27.2,0.9
es-0558,20241219,device-0005,27.8,Medium,28.1,-0.3
es-0559,20241220,device-0005,28.5,Medium,27.8,0.7
es-0560,20241221,device-0005,29.4,Medium,28.5,0.9
es-0561,20241222,device-0005,28.6,Medium,29.4,-0.8
es-0562,20241223,device-0005,29.7,Medium,28.6,1.1
es-0563,20241224,device-0005,29.4,Medium,29.7,-0.4
es-0564,20241225,device-0005,29.2,Medium,29.4,-0.2
es-0565,20241226,device-0005,30.7,Medium,29.2,1.5
es-0566,20241227,device-0005,31.7,Medium,30.7,1.0
es-0567,20241228,device-0005,31.0,Medium,31.7,-0.7
es-0568,20241229,device-0005,29.0,Medium,31.0,-2.0
es-0569,20241230,device-0005,29.2,Medium,29.0,0.2
es-0570,20241231,device-0005,29.6,Medium,29.2,0.5
es-0571,20250101,device-0005,29.9,Medium,29.6,0.3
es-0572,20250102,device-0005,31.3,Medium,29.9,1.4
es-0573,20250103,device-0005,32.3,Medium,31.3,1.0
es-0574,20250104,device-0005,31.9,Medium,32.3,-0.4
es-0575,20250105,device-0005,30.1,Medium,31.9,-1.8
es-0576,20250106,device-0005,29.8,Medium,30.1,-0.3
es-0577,20250107,device-0005,30.2,Medium,29.8,0.4
es-0578,20250108,device-0005,30.3,Medium,30.2,0.1
es-0579,20250109,device-0005,30.2,Medium,30.3,-0.1
es-0580,20250110,device-0005,29.9,Medium,30.2,-0.4
es-0581,20250111,device-0005,28.9,Medium,29.9,-1.0
es-0582,20250112,device-0005,27.9,Medium,28.9,-1.0
es-0583,20250113,device-0005,27.6,Medium,27.9,-0.2
es-0584,20250114,device-0005,26.2,Medium,27.6,-1.4
es-0585,20250115,device-0005,25.4,Medium,26.2,-0.8
es-0586,20250116,device-0005,24.5,Low,25.4,-0.9
es-0587,20250117,device-0005,24.5,Low,24.5,0.1
es-0588,20250118,device-0005,22.8,Low,24.5,-1.8
es-0589,20250119,device-0005,23.7,Low,22.8,0.9
es-0590,20250120,device-0005,23.7,Low,23.7,-0.0
es-0591,20250121,device-0005,24.0,Low,23.7,0.3
es-0592,20250122,device-0005,24.5,Low,24.0,0.5
es-0593,20250123,device-0005,23.5,Low,24.5,-1.0
es-0594,20250124,device-0005,23.1,Low,23.5,-0.4
es-0595,20250125,device-0005,24.5,Low,23.1,1.3
es-0596,20250126,device-0005,25.2,Medium,24.5,0.7
es-0597,20250127,device-0005,26.6,Medium,25.2,1.4
es-0598,20250128,device-0005,27.2,Medium,26.6,0.6
es-0599,20250129,device-0005,25.8,Medium,27.2,-1.4
es-0600,20250130,device-0005,24.0,Low,25.8,-1.8
es-0601,20250131,device-0005,24.0,Low,24.0,0.0
es-0602,20250201,device-0005,23.3,Low,24.0,-0.7
es-0603,20250202,device-0005,22.2,Low,23.3,-1.0
es-0604,20250203,device-0005,23.1,Low,22.2,0.8
es-0605,20250204,device-0005,22.4,Low,23.1,-0.7
es-0606,20250205,device-0005,21.5,Low,22.4,-0.9
es-0607,20250206,device-0005,22.4,Low,21.5,1.0
es-0608,20250207,device-0005,23.4,Low,22.4,1.0
es-0609,20250208,device-0005,22.6,Low,23.4,-0.8
es-0610,20250209,device-0005,23.6,Low,22.6,0.9
es-0611,20250210,device-0005,24.5,Low,23.6,1.0
es-0612,20250211,device-0005,24.0,Low,24.5,-0.5
es-0613,20250212,device-0005,22.3,Low,24.0,-1.8
es-0614,20250213,device-0005,20.3,Low,22.3,-2.0
es-0615,20250214,device-0005,20.1,Low,20.3,-0.2
es-0616,20250215,device-0005,19.3,Low,20.1,-0.8
es-0617,20250216,device-0005,20.8,Low,19.3,1.5
es-0618,20250217,device-0005,21.5,Low,20.8,0.7
es-0619,20250218,device-0005,22.2,Low,21.5,0.7
es-0620,20250219,device-0005,23.5,Low,22.2,1.3
es-0621,20250220,device-0005,24.6,Low,23.5,1.1
es-0622,20250221,device-0005,23.7,Low,24.6,-0.9
es-0623,20250222,device-0005,22.3,Low,23.7,-1.4
es-0624,20250223,device-0005,22.9,Low,22.3,0.6
es-0625,20250224,device-0005,22.2,Low,22.9,-0.7
es-0626,20250225,device-0005,21.9,Low,22.2,-0.3
es-0627,20250226,device-0005,22.1,Low,21.9,0.2
es-0628,20250227,device-0005,23.3,Low,22.1,1.2
es-0629,20250228,device-0005,22.7,Low,23.3,-0.5
es-0630,20241201,device-0006,45.3,High,46.3,-1.1
es-0631,20241202,device-0006,45.7,High,45.3,0.4
es-0632,20241203,device-0006,43.7,High,45.7,-2.0
es-0633,20241204,device-0006,44.8,High,43.7,1.1
es-0634,20241205,device-0006,42.9,High,44.8,-1.9
es-0635,20241206,device-0006,43.4,High,42.9,0.5
es-0636,20241207,device-0006,41.5,High,43.4,-1.8
es-0637,20241208,device-0006,40.5,High,41.5,-1.1
es-0638,20241209,device-0006,40.2,High,40.5,-0.3
es-0639,20241210,device-0006,39.7,Medium,40.2,-0.5
es-0640,20241211,device-0006,38.3,Medium,39.7,-1.3
es-0641,20241212,device-0006,37.5,Medium,38.3,-0.8
es-0642,20241213,device-0006,38.1,Medium,37.5,0.5
es-0643,20241214,device-0006,38.4,Medium,38.1,0.3
es-0644,20241215,device-0006,36.7,Medium,38.4,-1.7
es-0645,20241216,device-0006,37.3,Medium,36.7,0.6
es-0646,20241217,device-0006,35.5,Medium,37.3,-1.8
es-0647,20241218,device-0006,35.4,Medium,35.5,-0.1
es-0648,20241219,device-0006,34.3,Medium,35.4,-1.1
es-0649,20241220,device-0006,34.3,Medium,34.3,0.1
es-0650,20241221,device-0006,33.2,Medium,34.3,-1.1
es-0651,20241222,device-0006,34.7,Medium,33.2,1.4
es-0652,20241223,device-0006,33.8,Medium,34.7,-0.9
es-0653,20241224,device-0006,32.6,Medium,33.8,-1.2
es-0654,20241225,device-0006,31.6,Medium,32.6,-1.0
es-0655,20241226,device-0006,32.7,Medium,31.6,1.1
es-0656,20241227,device-0006,33.0,Medium,32.7,0.2
es-0657,20241228,device-0006,33.5,Medium,33.0,0.6
es-0658,20241229,device-0006,34.7,Medium,33.5,1.2
es-0659,20241230,device-0006,35.9,Medium,34.7,1.2
es-0660,20241231,device-0006,36.5,Medium,35.9,0.6
es-0661,20250101,device-0006,35.2,Medium,36.5,-1.3
es-0662,20250102,device-0006,36.1,Medium,35.2,1.0
es-0663,20250103,device-0006,34.9,Medium,36.1,-1.3
es-0664,20250104,device-0006,35.5,Medium,34.9,0.6
es-0665,20250105,device-0006,35.9,Medium,35.5,0.4
es-0666,20250106,device-0006,36.5,Medium,35.9,0.7
es-0667,20250107,device-0006,36.4,Medium,36.5,-0.1
es-0668,20250108,device-0006,36.6,Medium,36.4,0.2
es-0669,20250109,device-0006,38.0,Medium,36.6,1.3
es-0670,20250110,device-0006,36.3,Medium,38.0,-1.6
es-0671,20250111,device-0006,35.4,Medium,36.3,-0.9
es-0672,20250112,device-0006,35.5,Medium,35.4,0.1
es-0673,20250113,device-0006,36.9,Medium,35.5,1.4
es-0674,20250114,device-0006,35.2,Medium,36.9,-1.7
es-0675,20250115,device-0006,33.3,Medium,35.2,-1.9
es-0676,20250116,device-0006,31.5,Medium,33.3,-1.8
es-0677,20250117,device-0006,29.7,Medium,31.5,-1.8
es-0678,20250118,device-0006,30.9,Medium,29.7,1.2
es-0679,20250119,device-0006,31.4,Medium,30.9,0.5
es-0680,20250120,device-0006,31.8,Medium,31.4,0.4
es-0681,20250121,device-0006,31.6,Medium,31.8,-0.2
es-0682,20250122,device-0006,32.3,Medium,31.6,0.7
es-0683,20250123,device-0006,30.9,Medium,32.3,-1.5
es-0684,20250124,device-0006,30.2,Medium,30.9,-0.6
es-0685,20250125,device-0006,30.0,Medium,30.2,-0.3
es-0686,20250126,device-0006,28.4,Medium,30.0,-1.6
es-0687,20250127,device-0006,27.8,Medium,28.4,-0.5
es-0688,20250128,device-0006,26.9,Medium,27.8,-0.9
es-0689,20250129,device-0006,25.1,Medium,26.9,-1.9
es-0690,20250130,device-0006,23.5,Low,25.1,-1.5
es-0691,20250131,device-0006,24.2,Low,23.5,0.7
es-0692,20250201,device-0006,22.3,Low,24.2,-1.9
es-0693,20250202,device-0006,23.5,Low,22.3,1.3
es-0694,20250203,device-0006,21.8,Low,23.5,-1.7
es-0695,20250204,device-0006,22.6,Low,21.8,0.8
es-0696,20250205,device-0006,23.8,Low,22.6,1.1
es-0697,20250206,device-0006,25.1,Medium,23.8,1.3
es-0698,20250207,device-0006,26.1,Medium,25.1,1.0
es-0699,20250208,device-0006,25.1,Medium,26.1,-1.0
es-0700,20250209,device-0006,24.3,Low,25.1,-0.8
es-0701,20250210,device-0006,23.8,Low,24.3,-0.5
es-0702,20250211,device-0006,22.3,Low,23.8,-1.5
es-0703,20250212,device-0006,20.3,Low,22.3,-1.9
es-0704,20250213,device-0006,21.4,Low,20.3,1.0
es-0705,20250214,device-0006,21.3,Low,21.4,-0.1
es-0706,20250215,device-0006,21.5,Low,21.3,0.1
es-0707,20250216,device-0006,22.7,Low,21.5,1.2
es-0708,20250217,device-0006,23.0,Low,22.7,0.3
es-0709,20250218,device-0006,23.4,Low,23.0,0.4
es-0710,20250219,device-0006,24.2,Low,23.4,0.8
es-0711,20250220,device-0006,22.6,Low,24.2,-1.6
es-0712,20250221,device-0006,21.9,Low,22.6,-0.7
es-0713,20250222,device-0006,23.3,Low,21.9,1.4
es-0714,20250223,device-0006,24.5,Low,23.3,1.2
es-0715,20250224,device-0006,25.6,Medium,24.5,1.1
es-0716,20250225,device-0006,25.2,Medium,25.6,-0.4
es-0717,20250226,device-0006,26.2,Medium,25.2,1.0
es-0718,20250227,device-0006,24.3,Low,26.2,-1.8
es-0719,20250228,device-0006,22.9,Low,24.3,-1.5
es-0720,20241201,device-0007,31.3,Medium,31.6,-0.3
es-0721,20241202,device-0007,30.2,Medium,31.3,-1.1
es-0722,20241203,device-0007,29.4,Medium,30.2,-0.8
es-0723,20241204,device-0007,28.0,Medium,29.4,-1.4
es-0724,20241205,device-0007,27.7,Medium,28.0,-0.3
es-0725,20241206,device-0007,28.5,Medium,27.7,0.8
es-0726,20241207,device-0007,28.8,Medium,28.5,0.3
es-0727,20241208,device-0007,27.2,Medium,28.8,-1.6
es-0728,20241209,device-0007,26.9,Medium,27.2,-0.3
es-0729,20241210,device-0007,27.3,Medium,26.9,0.4
es-0730,20241211,device-0007,27.2,Medium,27.3,-0.1
es-0731,20241212,device-0007,26.5,Medium,27.2,-0.6
es-0732,20241213,device-0007,26.7,Medium,26.5,0.2
es-0733,20241214,device-0007,28.1,Medium,26.7,1.4
es-0734,20241215,device-0007,26.4,Medium,28.1,-1.7
es-0735,20241216,device-0007,25.8,Medium,26.4,-0.6
es-0736,20241217,device-0007,25.2,Medium,25.8,-0.6
es-0737,20241218,device-0007,25.3,Medium,25.2,0.0
es-0738,20241219,device-0007,23.8,Low,25.3,-1.5
es-0739,20241220,device-0007,22.4,Low,23.8,-1.4
es-0740,20241221,device-0007,21.4,Low,22.4,-1.0
es-0741,20241222,device-0007,22.7,Low,21.4,1.3
es-0742,20241223,device-0007,23.3,Low,22.7,0.6
es-0743,20241224,device-0007,23.6,Low,23.3,0.3
es-0744,20241225,device-0007,24.5,Low,23.6,0.9
es-0745,20241226,device-0007,22.9,Low,24.5,-1.6
es-0746,20241227,device-0007,23.9,Low,22.9,1.0
es-0747,20241228,device-0007,24.0,Low,23.9,0.1
es-0748,20241229,device-0007,23.2,Low,24.0,-0.8
es-0749,20241230,device-0007,24.1,Low,23.2,0.9
es-0750,20241231,device-0007,24.9,Low,24.1,0.8
es-0751,20250101,device-0007,25.8,Medium,24.9,1.0
es-0752,20250102,device-0007,24.2,Low,25.8,-1.6
es-0753,20250103,device-0007,25.6,Medium,24.2,1.4
es-0754,20250104,device-0007,27.0,Medium,25.6,1.4
es-0755,20250105,device-0007,26.2,Medium,27.0,-0.7
es-0756,20250106,device-0007,24.5,Low,26.2,-1.8
es-0757,20250107,device-0007,23.0,Low,24.5,-1.4
es-0758,20250108,device-0007,24.5,Low,23.0,1.5
es-0759,20250109,device-0007,24.5,Low,24.5,-0.0
es-0760,20250110,device-0007,23.7,Low,24.5,-0.8
es-0761,20250111,device-0007,22.8,Low,23.7,-1.0
es-0762,20250112,device-0007,21.7,Low,22.8,-1.1
es-0763,20250113,device-0007,22.0,Low,21.7,0.3
es-0764,20250114,device-0007,21.4,Low,22.0,-0.5
es-0765,20250115,device-0007,22.8,Low,21.4,1.4
es-0766,20250116,device-0007,23.2,Low,22.8,0.4
es-0767,20250117,device-0007,24.0,Low,23.2,0.8
es-0768,20250118,device-0007,23.0,Low,24.0,-1.0
es-0769,20250119,device-0007,21.3,Low,23.0,-1.7
es-0770,20250120,device-0007,21.0,Low,21.3,-0.3
es-0771,20250121,device-0007,20.1,Low,21.0,-0.9
es-0772,20250122,device-0007,18.8,Low,20.1,-1.3
es-0773,20250123,device-0007,20.1,Low,18.8,1.3
es-0774,20250124,device-0007,19.7,Low,20.1,-0.4
es-0775,20250125,device-0007,18.3,Low,19.7,-1.4
es-0776,20250126,device-0007,17.0,Low,18.3,-1.3
es-0777,20250127,device-0007,16.0,Low,17.0,-1.0
es-0778,20250128,device-0007,17.5,Low,16.0,1.5
es-0779,20250129,device-0007,16.4,Low,17.5,-1.1
es-0780,20250130,device-0007,15.6,Low,16.4,-0.8
es-0781,20250131,device-0007,15.9,Low,15.6,0.3
es-0782,20250201,device-0007,14.9,Low,15.9,-1.0
es-0783,20250202,device-0007,13.7,Low,14.9,-1.2
es-0784,20250203,device-0007,12.2,Low,13.7,-1.4
es-0785,20250204,device-0007,11.3,Low,12.2,-0.9
es-0786,20250205,device-0007,9.7,Low,11.3,-1.6
es-0787,20250206,device-0007,7.7,Low,9.7,-1.9
es-0788,20250207,device-0007,8.6,Low,7.7,0.8
es-0789,20250208,device-0007,7.0,Low,8.6,-1.5
es-0790,20250209,device-0007,7.8,Low,7.0,0.7
es-0791,20250210,device-0007,8.6,Low,7.8,0.8
es-0792,20250211,device-0007,8.4,Low,8.6,-0.1
es-0793,20250212,device-0007,7.5,Low,8.4,-0.9
es-0794,20250213,device-0007,6.0,Low,7.5,-1.5
es-0795,20250214,device-0007,6.6,Low,6.0,0.6
es-0796,20250215,device-0007,6.7,Low,6.6,0.1
es-0797,20250216,device-0007,7.0,Low,6.7,0.3
es-0798,20250217,device-0007,5.0,Low,7.0,-2.0
es-0799,20250218,device-0007,6.3,Low,5.0,1.2
es-0800,20250219,device-0007,5.0,Low,6.8,-1.8
es-0801,20250220,device-0007,5.0,Low,5.7,-0.7
es-0802,20250221,device-0007,5.0,Low,5.6,-0.6
es-0803,20250222,device-0007,5.0,Low,7.0,-2.0
es-0804,20250223,device-0007,5.0,Low,5.3,-0.3
es-0805,20250224,device-0007,5.6,Low,5.0,0.6
es-0806,20250225,device-0007,6.5,Low,5.6,0.9
es-0807,20250226,device-0007,7.6,Low,6.5,1.1
es-0808,20250227,device-0007,7.3,Low,7.6,-0.3
es-0809,20250228,device-0007,7.5,Low,7.3,0.2
es-0810,20241201,device-0008,17.9,Low,18.2,-0.3
es-0811,20241202,device-0008,16.4,Low,17.9,-1.5
es-0812,20241203,device-0008,15.7,Low,16.4,-0.7
es-0813,20241204,device-0008,14.9,Low,15.7,-0.8
es-0814,20241205,device-0008,14.4,Low,14.9,-0.5
es-0815,20241206,device-0008,14.4,Low,14.4,0.0
es-0816,20241207,device-0008,15.5,Low,14.4,1.2
es-0817,20241208,device-0008,14.9,Low,15.5,-0.6
es-0818,20241209,device-0008,16.3,Low,14.9,1.4
es-0819,20241210,device-0008,17.0,Low,16.3,0.7
es-0820,20241211,device-0008,16.8,Low,17.0,-0.2
es-0821,20241212,device-0008,17.0,Low,16.8,0.3
es-0822,20241213,device-0008,15.4,Low,17.0,-1.6
es-0823,20241214,device-0008,16.3,Low,15.4,1.0
es-0824,20241215,device-0008,16.4,Low,16.3,0.0
es-0825,20241216,device-0008,17.8,Low,16.4,1.5
es-0826,20241217,device-0008,18.1,Low,17.8,0.2
es-0827,20241218,device-0008,19.0,Low,18.1,0.9
es-0828,20241219,device-0008,19.8,Low,19.0,0.8
es-0829,20241220,device-0008,19.0,Low,19.8,-0.8
es-0830,20241221,device-0008,17.9,Low,19.0,-1.1
es-0831,20241222,device-0008,17.4,Low,17.9,-0.5
es-0832,20241223,device-0008,17.0,Low,17.4,-0.4
es-0833,20241224,device-0008,15.9,Low,17.0,-1.2
es-0834,20241225,device-0008,17.0,Low,15.9,1.1
es-0835,20241226,device-0008,16.9,Low,17.0,-0.1
es-0836,20241227,device-0008,18.3,Low,16.9,1.4
es-0837,20241228,device-0008,19.2,Low,18.3,0.8
es-0838,20241229,device-0008,19.1,Low,19.2,-0.1
es-0839,20241230,device-0008,20.4,Low,19.1,1.3
es-0840,20241231,device-0008,20.2,Low,20.4,-0.2
es-0841,20250101,device-0008,21.3,Low,20.2,1.1
es-0842,20250102,device-0008,20.6,Low,21.3,-0.7
es-0843,20250103,device-0008,19.9,Low,20.6,-0.7
es-0844,20250104,device-0008,19.3,Low,19.9,-0.5
es-0845,20250105,device-0008,19.3,Low,19.3,-0.1
es-0846,20250106,device-0008,19.2,Low,19.3,-0.1
es-0847,20250107,device-0008,18.9,Low,19.2,-0.3
es-0848,20250108,device-0008,18.0,Low,18.9,-0.9
es-0849,20250109,device-0008,19.3,Low,18.0,1.2
es-0850,20250110,device-0008,19.3,Low,19.3,0.1
es-0851,20250111,device-0008,18.7,Low,19.3,-0.6
es-0852,20250112,device-0008,19.0,Low,18.7,0.3
es-0853,20250113,device-0008,19.7,Low,19.0,0.7
es-0854,20250114,device-0008,21.1,Low,19.7,1.4
es-0855,20250115,device-0008,20.8,Low,21.1,-0.3
es-0856,20250116,device-0008,19.2,Low,20.8,-1.6
es-0857,20250117,device-0008,18.8,Low,19.2,-0.5
es-0858,20250118,device-0008,18.4,Low,18.8,-0.3
es-0859,20250119,device-0008,19.6,Low,18.4,1.1
es-0860,20250120,device-0008,19.0,Low,19.6,-0.6
es-0861,20250121,device-0008,20.3,Low,19.0,1.3
es-0862,20250122,device-0008,20.0,Low,20.3,-0.3
es-0863,20250123,device-0008,21.4,Low,20.0,1.4
es-0864,20250124,device-0008,19.4,Low,21.4,-2.0
es-0865,20250125,device-0008,20.6,Low,19.4,1.1
es-0866,20250126,device-0008,21.8,Low,20.6,1.3
es-0867,20250127,device-0008,23.2,Low,21.8,1.4
es-0868,20250128,device-0008,21.2,Low,23.2,-2.0
es-0869,20250129,device-0008,19.8,Low,21.2,-1.4
es-0870,20250130,device-0008,20.1,Low,19.8,0.3
es-0871,20250131,device-0008,18.2,Low,20.1,-1.9
es-0872,20250201,device-0008,16.4,Low,18.2,-1.8
es-0873,20250202,device-0008,15.2,Low,16.4,-1.2
es-0874,20250203,device-0008,15.0,Low,15.2,-0.2
es-0875,20250204,device-0008,14.9,Low,15.0,-0.1
es-0876,20250205,device-0008,13.0,Low,14.9,-1.9
es-0877,20250206,device-0008,11.6,Low,13.0,-1.4
es-0878,20250207,device-0008,11.4,Low,11.6,-0.3
es-0879,20250208,device-0008,11.5,Low,11.4,0.1
es-0880,20250209,device-0008,10.0,Low,11.5,-1.5
es-0881,20250210,device-0008,9.4,Low,10.0,-0.6
es-0882,20250211,device-0008,10.5,Low,9.4,1.2
es-0883,20250212,device-0008,12.0,Low,10.5,1.5
es-0884,20250213,device-0008,13.5,Low,12.0,1.5
es-0885,20250214,device-0008,14.6,Low,13.5,1.1
es-0886,20250215,device-0008,14.0,Low,14.6,-0.6
es-0887,20250216,device-0008,14.4,Low,14.0,0.4
es-0888,20250217,device-0008,13.8,Low,14.4,-0.5
es-0889,20250218,device-0008,14.1,Low,13.8,0.3
es-0890,20250219,device-0008,13.2,Low,14.1,-0.9
es-0891,20250220,device-0008,13.3,Low,13.2,0.1
es-0892,20250221,device-0008,13.1,Low,13.3,-0.2
es-0893,20250222,device-0008,11.2,Low,13.1,-1.9
es-0894,20250223,device-0008,12.0,Low,11.2,0.8
es-0895,20250224,device-0008,10.0,Low,12.0,-2.0
es-0896,20250225,device-0008,9.0,Low,10.0,-1.0
es-0897,20250226,device-0008,7.1,Low,9.0,-2.0
es-0898,20250227,device-0008,6.4,Low,7.1,-0.7
es-0899,20250228,device-0008,5.0,Low,6.8,-1.8
es-0900,20241201,device-0009,51.0,High,51.5,-0.5
es-0901,20241202,device-0009,50.6,High,51.0,-0.4
es-0902,20241203,device-0009,49.8,High,50.6,-0.8
es-0903,20241204,device-0009,50.0,High,49.8,0.2
es-0904,20241205,device-0009,50.8,High,50.0,0.7
es-0905,20241206,device-0009,51.0,High,50.8,0.3
es-0906,20241207,device-0009,51.7,High,51.0,0.6
es-0907,20241208,device-0009,52.8,High,51.7,1.2
es-0908,20241209,device-0009,53.9,High,52.8,1.0
es-0909,20241210,device-0009,54.2,High,53.9,0.4
es-0910,20241211,device-0009,53.0,High,54.2,-1.2
es-0911,20241212,device-0009,53.2,High,53.0,0.2
es-0912,20241213,device-0009,53.0,High,53.2,-0.2
es-0913,20241214,device-0009,53.5,High,53.0,0.5
es-0914,20241215,device-0009,54.4,High,53.5,0.9
es-0915,20241216,device-0009,55.0,High,54.4,0.6
es-0916,20241217,device-0009,56.0,High,55.0,1.0
es-0917,20241218,device-0009,54.2,High,56.0,-1.8
es-0918,20241219,device-0009,52.3,High,54.2,-1.9
es-0919,20241220,device-0009,51.2,High,52.3,-1.1
es-0920,20241221,device-0009,52.3,High,51.2,1.2
es-0921,20241222,device-0009,53.2,High,52.3,0.9
es-0922,20241223,device-0009,53.6,High,53.2,0.4
es-0923,20241224,device-0009,54.1,High,53.6,0.5
es-0924,20241225,device-0009,54.6,High,54.1,0.5
es-0925,20241226,device-0009,55.9,High,54.6,1.3
es-0926,20241227,device-0009,56.8,High,55.9,0.9
es-0927,20241228,device-0009,57.0,High,56.8,0.2
es-0928,20241229,device-0009,57.3,High,57.0,0.3
es-0929,20241230,device-0009,56.1,High,57.3,-1.3
es-0930,20241231,device-0009,56.4,High,56.1,0.3
es-0931,20250101,device-0009,55.9,High,56.4,-0.5
es-0932,20250102,device-0009,54.4,High,55.9,-1.5
es-0933,20250103,device-0009,55.2,High,54.4,0.8
es-0934,20250104,device-0009,55.0,High,55.2,-0.2
es-0935,20250105,device-0009,56.4,High,55.0,1.4
es-0936,20250106,device-0009,55.4,High,56.4,-1.0
es-0937,20250107,device-0009,55.1,High,55.4,-0.3
es-0938,20250108,device-0009,54.7,High,55.1,-0.4
es-0939,20250109,device-0009,53.1,High,54.7,-1.6
es-0940,20250110,device-0009,52.6,High,53.1,-0.5
es-0941,20250111,device-0009,51.6,High,52.6,-1.0
es-0942,20250112,device-0009,50.2,High,51.6,-1.4
es-0943,20250113,device-0009,49.1,High,50.2,-1.0
es-0944,20250114,device-0009,48.0,High,49.1,-1.2
es-0945,20250115,device-0009,48.5,High,48.0,0.6
es-0946,20250116,device-0009,46.6,High,48.5,-1.9
es-0947,20250117,device-0009,46.8,High,46.6,0.2
es-0948,20250118,device-0009,47.5,High,46.8,0.7
es-0949,20250119,device-0009,47.1,High,47.5,-0.3
es-0950,20250120,device-0009,48.4,High,47.1,1.3
es-0951,20250121,device-0009,48.9,High,48.4,0.5
es-0952,20250122,device-0009,49.5,High,48.9,0.6
es-0953,20250123,device-0009,48.2,High,49.5,-1.3
es-0954,20250124,device-0009,48.9,High,48.2,0.7
es-0955,20250125,device-0009,49.8,High,48.9,0.9
es-0956,20250126,device-0009,49.1,High,49.8,-0.7
es-0957,20250127,device-0009,47.8,High,49.1,-1.3
es-0958,20250128,device-0009,47.2,High,47.8,-0.7
es-0959,20250129,device-0009,47.8,High,47.2,0.6
es-0960,20250130,device-0009,47.2,High,47.8,-0.5
es-0961,20250131,device-0009,47.8,High,47.2,0.6
es-0962,20250201,device-0009,46.2,High,47.8,-1.6
es-0963,20250202,device-0009,47.0,High,46.2,0.8
es-0964,20250203,device-0009,45.9,High,47.0,-1.1
es-0965,20250204,device-0009,44.8,High,45.9,-1.1
es-0966,20250205,device-0009,44.8,High,44.8,0.1
es-0967,20250206,device-0009,43.1,High,44.8,-1.8
es-0968,20250207,device-0009,41.2,High,43.1,-1.9
es-0969,20250208,device-0009,40.1,High,41.2,-1.1
es-0970,20250209,device-0009,40.0,Medium,40.1,-0.1
es-0971,20250210,device-0009,41.2,High,40.0,1.2
es-0972,20250211,device-0009,42.1,High,41.2,1.0
es-0973,20250212,device-0009,41.8,High,42.1,-0.3
es-0974,20250213,device-0009,40.0,Medium,41.8,-1.9
es-0975,20250214,device-0009,39.8,Medium,40.0,-0.1
es-0976,20250215,device-0009,40.3,High,39.8,0.5
es-0977,20250216,device-0009,39.5,Medium,40.3,-0.8
es-0978,20250217,device-0009,37.9,Medium,39.5,-1.6
es-0979,20250218,device-0009,36.9,Medium,37.9,-1.0
es-0980,20250219,device-0009,37.6,Medium,36.9,0.7
es-0981,20250220,device-0009,36.8,Medium,37.6,-0.8
es-0982,20250221,device-0009,37.6,Medium,36.8,0.8
es-0983,20250222,device-0009,36.7,Medium,37.6,-0.9
es-0984,20250223,device-0009,35.3,Medium,36.7,-1.4
es-0985,20250224,device-0009,34.8,Medium,35.3,-0.5
es-0986,20250225,device-0009,34.4,Medium,34.8,-0.4
es-0987,20250226,device-0009,32.5,Medium,34.4,-1.9
es-0988,20250227,device-0009,30.9,Medium,32.5,-1.6
es-0989,20250228,device-0009,29.5,Medium,30.9,-1.4
es-0990,20241201,device-0010,18.7,Low,19.5,-0.8
es-0991,20241202,device-0010,20.1,Low,18.7,1.4
es-0992,20241203,device-0010,19.9,Low,20.1,-0.2
es-0993,20241204,device-0010,20.1,Low,19.9,0.2
es-0994,20241205,device-0010,19.3,Low,20.1,-0.8
es-0995,20241206,device-0010,18.5,Low,19.3,-0.9
es-0996,20241207,device-0010,16.6,Low,18.5,-1.9
es-0997,20241208,device-0010,16.3,Low,16.6,-0.2
es-0998,20241209,device-0010,16.0,Low,16.3,-0.3
es-0999,20241210,device-0010,14.6,Low,16.0,-1.4
es-1000,20241211,device-0010,15.2,Low,14.6,0.7
es-1001,20241212,device-0010,15.0,Low,15.2,-0.3
es-1002,20241213,device-0010,14.1,Low,15.0,-0.8
es-1003,20241214,device-0010,12.7,Low,14.1,-1.5
es-1004,20241215,device-0010,12.6,Low,12.7,-0.1
es-1005,20241216,device-0010,13.2,Low,12.6,0.6
es-1006,20241217,device-0010,12.2,Low,13.2,-1.0
es-1007,20241218,device-0010,11.0,Low,12.2,-1.2
es-1008,20241219,device-0010,10.8,Low,11.0,-0.2
es-1009,20241220,device-0010,9.3,Low,10.8,-1.5
es-1010,20241221,device-0010,9.7,Low,9.3,0.3
es-1011,20241222,device-0010,9.8,Low,9.7,0.1
es-1012,20241223,device-0010,8.1,Low,9.8,-1.7
es-1013,20241224,device-0010,6.2,Low,8.1,-1.9
es-1014,20241225,device-0010,6.4,Low,6.2,0.2
es-1015,20241226,device-0010,5.4,Low,6.4,-1.0
es-1016,20241227,device-0010,5.0,Low,6.7,-1.7
es-1017,20241228,device-0010,5.7,Low,5.0,0.7
es-1018,20241229,device-0010,5.0,Low,5.9,-0.9
es-1019,20241230,device-0010,5.0,Low,5.4,-0.4
es-1020,20241231,device-0010,5.0,Low,6.2,-1.2
es-1021,20250101,device-0010,5.2,Low,5.0,0.2
es-1022,20250102,device-0010,5.0,Low,5.9,-0.9
es-1023,20250103,device-0010,6.4,Low,5.0,1.4
es-1024,20250104,device-0010,6.8,Low,6.4,0.5
es-1025,20250105,device-0010,5.3,Low,6.8,-1.5
es-1026,20250106,device-0010,5.0,Low,5.5,-0.5
es-1027,20250107,device-0010,5.0,Low,5.7,-0.7
es-1028,20250108,device-0010,5.0,Low,5.1,-0.1
es-1029,20250109,device-0010,5.9,Low,5.0,0.9
es-1030,20250110,device-0010,6.0,Low,5.9,0.0
es-1031,20250111,device-0010,5.0,Low,6.8,-1.8
es-1032,20250112,device-0010,5.3,Low,5.0,0.3
es-1033,20250113,device-0010,5.0,Low,7.0,-2.0
es-1034,20250114,device-0010,5.7,Low,5.0,0.7
es-1035,20250115,device-0010,6.1,Low,5.7,0.3
es-1036,20250116,device-0010,5.1,Low,6.1,-0.9
es-1037,20250117,device-0010,5.0,Low,6.0,-1.0
es-1038,20250118,device-0010,5.8,Low,5.0,0.8
es-1039,20250119,device-0010,6.5,Low,5.8,0.7
es-1040,20250120,device-0010,5.8,Low,6.5,-0.8
es-1041,20250121,device-0010,5.0,Low,6.0,-1.0
es-1042,20250122,device-0010,5.0,Low,5.0,-0.0
es-1043,20250123,device-0010,5.0,Low,7.0,-2.0
es-1044,20250124,device-0010,5.0,Low,6.7,-1.7
es-1045,20250125,device-0010,5.0,Low,6.6,-1.6
es-1046,20250126,device-0010,5.0,Low,6.4,-1.4
es-1047,20250127,device-0010,5.0,Low,5.2,-0.2
es-1048,20250128,device-0010,6.5,Low,5.0,1.5
es-1049,20250129,device-0010,6.8,Low,6.5,0.3
es-1050,20250130,device-0010,5.0,Low,6.8,-1.8
es-1051,20250131,device-0010,5.0,Low,5.2,-0.2
es-1052,20250201,device-0010,5.0,Low,5.3,-0.3
es-1053,20250202,device-0010,5.0,Low,6.5,-1.5
es-1054,20250203,device-0010,6.2,Low,5.0,1.2
es-1055,20250204,device-0010,5.8,Low,6.2,-0.5
es-1056,20250205,device-0010,7.2,Low,5.8,1.5
es-1057,20250206,device-0010,6.7,Low,7.2,-0.5
es-1058,20250207,device-0010,6.8,Low,6.7,0.1
es-1059,20250208,device-0010,5.2,Low,6.8,-1.6
es-1060,20250209,device-0010,5.0,Low,5.4,-0.4
es-1061,20250210,device-0010,5.0,Low,6.2,-1.2
es-1062,20250211,device-0010,5.9,Low,5.0,0.9
es-1063,20250212,device-0010,6.7,Low,5.9,0.7
es-1064,20250213,device-0010,7.6,Low,6.7,0.9
es-1065,20250214,device-0010,8.1,Low,7.6,0.5
es-1066,20250215,device-0010,9.0,Low,8.1,0.9
es-1067,20250216,device-0010,7.7,Low,9.0,-1.3
es-1068,20250217,device-0010,7.3,Low,7.7,-0.4
es-1069,20250218,device-0010,7.7,Low,7.3,0.4
es-1070,20250219,device-0010,7.9,Low,7.7,0.2
es-1071,20250220,device-0010,8.4,Low,7.9,0.5
es-1072,20250221,device-0010,7.2,Low,8.4,-1.2
es-1073,20250222,device-0010,5.6,Low,7.2,-1.7
es-1074,20250223,device-0010,6.8,Low,5.6,1.2
es-1075,20250224,device-0010,6.7,Low,6.8,-0.0
es-1076,20250225,device-0010,5.3,Low,6.7,-1.5
es-1077,20250226,device-0010,6.1,Low,5.3,0.8
es-1078,20250227,device-0010,7.3,Low,6.1,1.2
es-1079,20250228,device-0010,5.9,Low,7.3,-1.4
es-1080,20241201,device-0011,49.0,High,47.7,1.3
es-1081,20241202,device-0011,50.2,High,49.0,1.3
es-1082,20241203,device-0011,51.4,High,50.2,1.2
es-1083,20241204,device-0011,51.4,High,51.4,-0.1
es-1084,20241205,device-0011,50.6,High,51.4,-0.8
es-1085,20241206,device-0011,48.6,High,50.6,-2.0
es-1086,20241207,device-0011,46.8,High,48.6,-1.8
es-1087,20241208,device-0011,46.3,High,46.8,-0.5
es-1088,20241209,device-0011,45.7,High,46.3,-0.6
es-1089,20241210,device-0011,44.4,High,45.7,-1.4
es-1090,20241211,device-0011,43.8,High,44.4,-0.6
es-1091,20241212,device-0011,42.4,High,43.8,-1.4
es-1092,20241213,device-0011,43.4,High,42.4,1.0
es-1093,20241214,device-0011,42.4,High,43.4,-1.0
es-1094,20241215,device-0011,42.5,High,42.4,0.1
es-1095,20241216,device-0011,42.3,High,42.5,-0.2
es-1096,20241217,device-0011,40.4,High,42.3,-1.8
es-1097,20241218,device-0011,41.7,High,40.4,1.3
es-1098,20241219,device-0011,41.6,High,41.7,-0.2
es-1099,20241220,device-0011,40.7,High,41.6,-0.9
es-1100,20241221,device-0011,39.3,Medium,40.7,-1.4
es-1101,20241222,device-0011,38.5,Medium,39.3,-0.8
es-1102,20241223,device-0011,36.5,Medium,38.5,-1.9
es-1103,20241224,device-0011,35.8,Medium,36.5,-0.7
es-1104,20241225,device-0011,35.7,Medium,35.8,-0.1
es-1105,20241226,device-0011,36.7,Medium,35.7,1.1
es-1106,20241227,device-0011,37.1,Medium,36.7,0.4
es-1107,20241228,device-0011,35.5,Medium,37.1,-1.6
es-1108,20241229,device-0011,34.0,Medium,35.5,-1.5
es-1109,20241230,device-0011,33.5,Medium,34.0,-0.5
es-1110,20241231,device-0011,32.2,Medium,33.5,-1.3
es-1111,20250101,device-0011,30.3,Medium,32.2,-1.9
es-1112,20250102,device-0011,31.1,Medium,30.3,0.8
es-1113,20250103,device-0011,29.2,Medium,31.1,-1.9
es-1114,20250104,device-0011,30.1,Medium,29.2,0.9
es-1115,20250105,device-0011,28.6,Medium,30.1,-1.5
es-1116,20250106,device-0011,30.0,Medium,28.6,1.4
es-1117,20250107,device-0011,30.1,Medium,30.0,0.1
es-1118,20250108,device-0011,30.7,Medium,30.1,0.6
es-1119,20250109,device-0011,29.1,Medium,30.7,-1.6
es-1120,20250110,device-0011,30.1,Medium,29.1,1.0
es-1121,20250111,device-0011,31.0,Medium,30.1,0.9
es-1122,20250112,device-0011,31.3,Medium,31.0,0.3
es-1123,20250113,device-0011,31.1,Medium,31.3,-0.2
es-1124,20250114,device-0011,31.6,Medium,31.1,0.5
es-1125,20250115,device-0011,29.6,Medium,31.6,-2.0
es-1126,20250116,device-0011,29.7,Medium,29.6,0.1
es-1127,20250117,device-0011,30.7,Medium,29.7,1.0
es-1128,20250118,device-0011,29.9,Medium,30.7,-0.8
es-1129,20250119,device-0011,28.3,Medium,29.9,-1.6
es-1130,20250120,device-0011,27.8,Medium,28.3,-0.5
es-1131,20250121,device-0011,28.3,Medium,27.8,0.5
es-1132,20250122,device-0011,26.7,Medium,28.3,-1.6
es-1133,20250123,device-0011,25.4,Medium,26.7,-1.3
es-1134,20250124,device-0011,23.9,Low,25.4,-1.5
es-1135,20250125,device-0011,24.7,Low,23.9,0.8
es-1136,20250126,device-0011,22.9,Low,24.7,-1.8
es-1137,20250127,device-0011,23.3,Low,22.9,0.4
es-1138,20250128,device-0011,22.6,Low,23.3,-0.7
es-1139,20250129,device-0011,23.3,Low,22.6,0.6
es-1140,20250130,device-0011,24.6,Low,23.3,1.4
es-1141,20250131,device-0011,23.0,Low,24.6,-1.6
es-1142,20250201,device-0011,22.1,Low,23.0,-0.9
es-1143,20250202,device-0011,23.0,Low,22.1,0.8
es-1144,20250203,device-0011,21.9,Low,23.0,-1.1
es-1145,20250204,device-0011,20.7,Low,21.9,-1.2
es-1146,20250205,device-0011,21.6,Low,20.7,0.9
es-1147,20250206,device-0011,23.0,Low,21.6,1.5
es-1148,20250207,device-0011,23.0,Low,23.0,-0.1
es-1149,20250208,device-0011,21.9,Low,23.0,-1.0
es-1150,20250209,device-0011,21.3,Low,21.9,-0.6
es-1151,20250210,device-0011,19.9,Low,21.3,-1.4
es-1152,20250211,device-0011,20.6,Low,19.9,0.7
es-1153,20250212,device-0011,21.3,Low,20.6,0.7
es-1154,20250213,device-0011,22.4,Low,21.3,1.1
es-1155,20250214,device-0011,20.5,Low,22.4,-1.9
es-1156,20250215,device-0011,20.4,Low,20.5,-0.0
es-1157,20250216,device-0011,19.2,Low,20.4,-1.3
es-1158,20250217,device-0011,18.4,Low,19.2,-0.8
es-1159,20250218,device-0011,19.1,Low,18.4,0.7
es-1160,20250219,device-0011,17.8,Low,19.1,-1.3
es-1161,20250220,device-0011,18.0,Low,17.8,0.2
es-1162,20250221,device-0011,18.3,Low,18.0,0.3
es-1163,20250222,device-0011,19.6,Low,18.3,1.3
es-1164,20250223,device-0011,20.4,Low,19.6,0.7
es-1165,20250224,device-0011,21.2,Low,20.4,0.8
es-1166,20250225,device-0011,21.0,Low,21.2,-0.1
es-1167,20250226,device-0011,19.7,Low,21.0,-1.3
es-1168,20250227,device-0011,19.2,Low,19.7,-0.5
es-1169,20250228,device-0011,19.1,Low,19.2,-0.1
es-1170,20241201,device-0012,42.3,High,42.1,0.1
es-1171,20241202,device-0012,41.6,High,42.3,-0.6
es-1172,20241203,device-0012,40.6,High,41.6,-1.1
es-1173,20241204,device-0012,39.2,Medium,40.6,-1.4
es-1174,20241205,device-0012,39.6,Medium,39.2,0.4
es-1175,20241206,device-0012,39.8,Medium,39.6,0.3
es-1176,20241207,device-0012,40.3,High,39.8,0.4
es-1177,20241208,device-0012,39.6,Medium,40.3,-0.7
es-1178,20241209,device-0012,38.5,Medium,39.6,-1.1
es-1179,20241210,device-0012,39.1,Medium,38.5,0.7
es-1180,20241211,device-0012,39.8,Medium,39.1,0.7
es-1181,20241212,device-0012,39.4,Medium,39.8,-0.4
es-1182,20241213,device-0012,39.6,Medium,39.4,0.1
es-1183,20241214,device-0012,38.9,Medium,39.6,-0.7
es-1184,20241215,device-0012,39.3,Medium,38.9,0.5
es-1185,20241216,device-0012,40.3,High,39.3,0.9
es-1186,20241217,device-0012,40.7,High,40.3,0.4
es-1187,20241218,device-0012,40.5,High,40.7,-0.2
es-1188,20241219,device-0012,40.1,High,40.5,-0.4
es-1189,20241220,device-0012,40.3,High,40.1,0.2
es-1190,20241221,device-0012,40.7,High,40.3,0.4
es-1191,20241222,device-0012,40.7,High,40.7,-0.0
es-1192,20241223,device-0012,40.8,High,40.7,0.2
es-1193,20241224,device-0012,39.2,Medium,40.8,-1.7
es-1194,20241225,device-0012,40.5,High,39.2,1.3
es-1195,20241226,device-0012,41.3,High,40.5,0.8
es-1196,20241227,device-0012,40.6,High,41.3,-0.7
es-1197,20241228,device-0012,40.6,High,40.6,-0.0
es-1198,20241229,device-0012,38.7,Medium,40.6,-1.8
es-1199,20241230,device-0012,36.9,Medium,38.7,-1.9
es-1200,20241231,device-0012,35.7,Medium,36.9,-1.1
es-1201,20250101,device-0012,36.2,Medium,35.7,0.4
es-1202,20250102,device-0012,37.1,Medium,36.2,1.0
es-1203,20250103,device-0012,37.1,Medium,37.1,-0.0
es-1204,20250104,device-0012,37.0,Medium,37.1,-0.1
es-1205,20250105,device-0012,36.4,Medium,37.0,-0.6
es-1206,20250106,device-0012,34.9,Medium,36.4,-1.4
es-1207,20250107,device-0012,33.4,Medium,34.9,-1.6
es-1208,20250108,device-0012,34.0,Medium,33.4,0.7
es-1209,20250109,device-0012,35.3,Medium,34.0,1.2
es-1210,20250110,device-0012,34.9,Medium,35.3,-0.4
es-1211,20250111,device-0012,35.2,Medium,34.9,0.3
es-1212,20250112,device-0012,36.4,Medium,35.2,1.2
es-1213,20250113,device-0012,34.7,Medium,36.4,-1.7
es-1214,20250114,device-0012,35.4,Medium,34.7,0.7
es-1215,20250115,device-0012,35.5,Medium,35.4,0.2
es-1216,20250116,device-0012,35.6,Medium,35.5,0.1
es-1217,20250117,device-0012,34.7,Medium,35.6,-1.0
es-1218,20250118,device-0012,35.1,Medium,34.7,0.4
es-1219,20250119,device-0012,35.8,Medium,35.1,0.8
es-1220,20250120,device-0012,34.2,Medium,35.8,-1.6
es-1221,20250121,device-0012,34.1,Medium,34.2,-0.1
es-1222,20250122,device-0012,32.5,Medium,34.1,-1.6
es-1223,20250123,device-0012,33.5,Medium,32.5,1.1
es-1224,20250124,device-0012,33.3,Medium,33.5,-0.2
es-1225,20250125,device-0012,34.1,Medium,33.3,0.8
es-1226,20250126,device-0012,33.4,Medium,34.1,-0.7
es-1227,20250127,device-0012,31.8,Medium,33.4,-1.6
es-1228,20250128,device-0012,30.0,Medium,31.8,-1.9
es-1229,20250129,device-0012,29.0,Medium,30.0,-1.0
es-1230,20250130,device-0012,27.8,Medium,29.0,-1.1
es-1231,20250131,device-0012,27.8,Medium,27.8,-0.0
es-1232,20250201,device-0012,25.9,Medium,27.8,-1.9
es-1233,20250202,device-0012,25.7,Medium,25.9,-0.2
es-1234,20250203,device-0012,25.1,Medium,25.7,-0.6
es-1235,20250204,device-0012,25.1,Medium,25.1,0.0
es-1236,20250205,device-0012,25.5,Medium,25.1,0.5
es-1237,20250206,device-0012,25.8,Medium,25.5,0.2
es-1238,20250207,device-0012,27.2,Medium,25.8,1.4
es-1239,20250208,device-0012,25.7,Medium,27.2,-1.5
es-1240,20250209,device-0012,25.2,Medium,25.7,-0.5
es-1241,20250210,device-0012,24.7,Low,25.2,-0.5
es-1242,20250211,device-0012,24.1,Low,24.7,-0.5
es-1243,20250212,device-0012,24.5,Low,24.1,0.3
es-1244,20250213,device-0012,24.2,Low,24.5,-0.3
es-1245,20250214,device-0012,24.0,Low,24.2,-0.2
es-1246,20250215,device-0012,23.5,Low,24.0,-0.5
es-1247,20250216,device-0012,25.0,Low,23.5,1.5
es-1248,20250217,device-0012,26.2,Medium,25.0,1.2
es-1249,20250218,device-0012,25.3,Medium,26.2,-0.9
es-1250,20250219,device-0012,23.7,Low,25.3,-1.6
es-1251,20250220,device-0012,24.6,Low,23.7,0.9
es-1252,20250221,device-0012,26.1,Medium,24.6,1.5
es-1253,20250222,device-0012,25.1,Medium,26.1,-1.0
es-1254,20250223,device-0012,24.4,Low,25.1,-0.7
es-1255,20250224,device-0012,25.7,Medium,24.4,1.3
es-1256,20250225,device-0012,26.2,Medium,25.7,0.5
es-1257,20250226,device-0012,25.2,Medium,26.2,-1.0
es-1258,20250227,device-0012,25.2,Medium,25.2,0.0
es-1259,20250228,device-0012,26.5,Medium,25.2,1.3
es-1260,20241201,device-0013,48.1,High,47.5,0.6
es-1261,20241202,device-0013,48.6,High,48.1,0.6
es-1262,20241203,device-0013,47.3,High,48.6,-1.4
es-1263,20241204,device-0013,48.2,High,47.3,0.9
es-1264,20241205,device-0013,47.1,High,48.2,-1.0
es-1265,20241206,device-0013,48.4,High,47.1,1.3
es-1266,20241207,device-0013,47.7,High,48.4,-0.7
es-1267,20241208,device-0013,48.7,High,47.7,1.0
es-1268,20241209,device-0013,47.6,High,48.7,-1.1
es-1269,20241210,device-0013,47.4,High,47.6,-0.2
es-1270,20241211,device-0013,45.8,High,47.4,-1.6
es-1271,20241212,device-0013,46.1,High,45.8,0.3
es-1272,20241213,device-0013,47.0,High,46.1,0.9
es-1273,20241214,device-0013,47.5,High,47.0,0.5
es-1274,20241215,device-0013,47.3,High,47.5,-0.2
es-1275,20241216,device-0013,45.5,High,47.3,-1.8
es-1276,20241217,device-0013,46.8,High,45.5,1.3
es-1277,20241218,device-0013,47.2,High,46.8,0.5
es-1278,20241219,device-0013,47.9,High,47.2,0.6
es-1279,20241220,device-0013,48.6,High,47.9,0.8
es-1280,20241221,device-0013,49.3,High,48.6,0.6
es-1281,20241222,device-0013,48.8,High,49.3,-0.5
es-1282,20241223,device-0013,49.4,High,48.8,0.6
es-1283,20241224,device-0013,49.6,High,49.4,0.2
es-1284,20241225,device-0013,50.5,High,49.6,1.0
es-1285,20241226,device-0013,51.3,High,50.5,0.8
es-1286,20241227,device-0013,49.5,High,51.3,-1.9
es-1287,20241228,device-0013,48.8,High,49.5,-0.7
es-1288,20241229,device-0013,46.9,High,48.8,-1.9
es-1289,20241230,device-0013,45.3,High,46.9,-1.6
es-1290,20241231,device-0013,45.4,High,45.3,0.1
es-1291,20250101,device-0013,46.5,High,45.4,1.1
es-1292,20250102,device-0013,44.9,High,46.5,-1.6
es-1293,20250103,device-0013,44.5,High,44.9,-0.4
es-1294,20250104,device-0013,45.6,High,44.5,1.2
es-1295,20250105,device-0013,46.5,High,45.6,0.9
es-1296,20250106,device-0013,46.3,High,46.5,-0.2
es-1297,20250107,device-0013,47.0,High,46.3,0.7
es-1298,20250108,device-0013,46.8,High,47.0,-0.2
es-1299,20250109,device-0013,45.4,High,46.8,-1.4
es-1300,20250110,device-0013,43.8,High,45.4,-1.6
es-1301,20250111,device-0013,42.5,High,43.8,-1.3
es-1302,20250112,device-0013,41.7,High,42.5,-0.8
es-1303,20250113,device-0013,43.0,High,41.7,1.3
es-1304,20250114,device-0013,43.8,High,43.0,0.8
es-1305,20250115,device-0013,43.3,High,43.8,-0.5
es-1306,20250116,device-0013,43.0,High,43.3,-0.3
es-1307,20250117,device-0013,41.9,High,43.0,-1.1
es-1308,20250118,device-0013,42.4,High,41.9,0.5
es-1309,20250119,device-0013,43.2,High,42.4,0.8
es-1310,20250120,device-0013,42.1,High,43.2,-1.2
es-1311,20250121,device-0013,40.2,High,42.1,-1.9
es-1312,20250122,device-0013,40.4,High,40.2,0.2
es-1313,20250123,device-0013,40.4,High,40.4,-0.0
es-1314,20250124,device-0013,39.8,Medium,40.4,-0.6
es-1315,20250125,device-0013,40.0,High,39.8,0.3
es-1316,20250126,device-0013,39.9,Medium,40.0,-0.1
es-1317,20250127,device-0013,38.8,Medium,39.9,-1.1
es-1318,20250128,device-0013,38.2,Medium,38.8,-0.6
es-1319,20250129,device-0013,37.7,Medium,38.2,-0.5
es-1320,20250130,device-0013,38.8,Medium,37.7,1.1
es-1321,20250131,device-0013,40.2,High,38.8,1.4
es-1322,20250201,device-0013,41.3,High,40.2,1.1
es-1323,20250202,device-0013,41.8,High,41.3,0.5
es-1324,20250203,device-0013,41.8,High,41.8,0.0
es-1325,20250204,device-0013,42.3,High,41.8,0.4
es-1326,20250205,device-0013,43.5,High,42.3,1.3
es-1327,20250206,device-0013,42.4,High,43.5,-1.1
es-1328,20250207,device-0013,42.3,High,42.4,-0.1
es-1329,20250208,device-0013,42.7,High,42.3,0.4
es-1330,20250209,device-0013,43.1,High,42.7,0.4
es-1331,20250210,device-0013,42.0,High,43.1,-1.1
es-1332,20250211,device-0013,42.0,High,42.0,0.1
es-1333,20250212,device-0013,42.8,High,42.0,0.8
es-1334,20250213,device-0013,42.5,High,42.8,-0.3
es-1335,20250214,device-0013,43.2,High,42.5,0.8
es-1336,20250215,device-0013,42.5,High,43.2,-0.7
es-1337,20250216,device-0013,43.8,High,42.5,1.3
es-1338,20250217,device-0013,43.7,High,43.8,-0.1
es-1339,20250218,device-0013,43.7,High,43.7,0.1
es-1340,20250219,device-0013,41.9,High,43.7,-1.9
es-1341,20250220,device-0013,40.5,High,41.9,-1.4
es-1342,20250221,device-0013,40.7,High,40.5,0.2
es-1343,20250222,device-0013,40.1,High,40.7,-0.5
es-1344,20250223,device-0013,39.9,Medium,40.1,-0.2
es-1345,20250224,device-0013,38.1,Medium,39.9,-1.8
es-1346,20250225,device-0013,39.1,Medium,38.1,0.9
es-1347,20250226,device-0013,39.8,Medium,39.1,0.7
es-1348,20250227,device-0013,38.5,Medium,39.8,-1.4
es-1349,20250228,device-0013,38.7,Medium,38.5,0.2
es-1350,20241201,device-0014,48.0,High,47.7,0.2
es-1351,20241202,device-0014,47.1,High,48.0,-0.9
es-1352,20241203,device-0014,47.4,High,47.1,0.3
es-1353,20241204,device-0014,46.1,High,47.4,-1.3
es-1354,20241205,device-0014,45.2,High,46.1,-0.9
es-1355,20241206,device-0014,44.0,High,45.2,-1.2
es-1356,20241207,device-0014,44.0,High,44.0,-0.1
es-1357,20241208,device-0014,42.4,High,44.0,-1.6
es-1358,20241209,device-0014,43.6,High,42.4,1.3
es-1359,20241210,device-0014,42.8,High,43.6,-0.8
es-1360,20241211,device-0014,41.6,High,42.8,-1.2
es-1361,20241212,device-0014,41.3,High,41.6,-0.3
es-1362,20241213,device-0014,40.3,High,41.3,-1.0
es-1363,20241214,device-0014,40.2,High,40.3,-0.1
es-1364,20241215,device-0014,39.4,Medium,40.2,-0.8
es-1365,20241216,device-0014,37.8,Medium,39.4,-1.5
es-1366,20241217,device-0014,36.8,Medium,37.8,-1.1
es-1367,20241218,device-0014,36.3,Medium,36.8,-0.5
es-1368,20241219,device-0014,34.4,Medium,36.3,-1.9
es-1369,20241220,device-0014,35.1,Medium,34.4,0.7
es-1370,20241221,device-0014,35.3,Medium,35.1,0.2
es-1371,20241222,device-0014,35.4,Medium,35.3,0.1
es-1372,20241223,device-0014,35.3,Medium,35.4,-0.1
es-1373,20241224,device-0014,35.4,Medium,35.3,0.1
es-1374,20241225,device-0014,36.6,Medium,35.4,1.3
es-1375,20241226,device-0014,34.7,Medium,36.6,-2.0
es-1376,20241227,device-0014,32.8,Medium,34.7,-1.8
es-1377,20241228,device-0014,31.5,Medium,32.8,-1.3
es-1378,20241229,device-0014,30.1,Medium,31.5,-1.4
es-1379,20241230,device-0014,28.7,Medium,30.1,-1.4
es-1380,20241231,device-0014,29.1,Medium,28.7,0.4
es-1381,20250101,device-0014,28.7,Medium,29.1,-0.4
es-1382,20250102,device-0014,30.2,Medium,28.7,1.5
es-1383,20250103,device-0014,28.9,Medium,30.2,-1.2
es-1384,20250104,device-0014,28.0,Medium,28.9,-0.9
es-1385,20250105,device-0014,29.5,Medium,28.0,1.4
es-1386,20250106,device-0014,30.4,Medium,29.5,0.9
es-1387,20250107,device-0014,30.0,Medium,30.4,-0.4
es-1388,20250108,device-0014,30.0,Medium,30.0,-0.1
es-1389,20250109,device-0014,30.9,Medium,30.0,1.0
es-1390,20250110,device-0014,30.6,Medium,30.9,-0.3
es-1391,20250111,device-0014,29.3,Medium,30.6,-1.3
es-1392,20250112,device-0014,30.2,Medium,29.3,0.9
es-1393,20250113,device-0014,30.1,Medium,30.2,-0.1
es-1394,20250114,device-0014,28.7,Medium,30.1,-1.5
es-1395,20250115,device-0014,28.4,Medium,28.7,-0.2
es-1396,20250116,device-0014,27.9,Medium,28.4,-0.6
es-1397,20250117,device-0014,28.9,Medium,27.9,1.1
es-1398,20250118,device-0014,27.4,Medium,28.9,-1.6
es-1399,20250119,device-0014,28.4,Medium,27.4,1.1
es-1400,20250120,device-0014,28.2,Medium,28.4,-0.2
es-1401,20250121,device-0014,27.6,Medium,28.2,-0.6
es-1402,20250122,device-0014,26.2,Medium,27.6,-1.4
es-1403,20250123,device-0014,26.7,Medium,26.2,0.5
es-1404,20250124,device-0014,27.9,Medium,26.7,1.2
es-1405,20250125,device-0014,27.2,Medium,27.9,-0.7
es-1406,20250126,device-0014,26.1,Medium,27.2,-1.2
es-1407,20250127,device-0014,26.0,Medium,26.1,-0.1
es-1408,20250128,device-0014,26.8,Medium,26.0,0.8
es-1409,20250129,device-0014,24.8,Low,26.8,-2.0
es-1410,20250130,device-0014,25.0,Medium,24.8,0.2
es-1411,20250131,device-0014,25.1,Medium,25.0,0.1
es-1412,20250201,device-0014,24.2,Low,25.1,-0.9
es-1413,20250202,device-0014,23.8,Low,24.2,-0.4
es-1414,20250203,device-0014,22.7,Low,23.8,-1.1
es-1415,20250204,device-0014,23.4,Low,22.7,0.8
es-1416,20250205,device-0014,23.7,Low,23.4,0.2
es-1417,20250206,device-0014,23.5,Low,23.7,-0.1
es-1418,20250207,device-0014,22.9,Low,23.5,-0.6
es-1419,20250208,device-0014,21.9,Low,22.9,-1.0
es-1420,20250209,device-0014,22.8,Low,21.9,0.9
es-1421,20250210,device-0014,22.4,Low,22.8,-0.4
es-1422,20250211,device-0014,22.1,Low,22.4,-0.2
es-1423,20250212,device-0014,22.0,Low,22.1,-0.2
es-1424,20250213,device-0014,21.5,Low,22.0,-0.4
es-1425,20250214,device-0014,20.4,Low,21.5,-1.1
es-1426,20250215,device-0014,18.8,Low,20.4,-1.6
es-1427,20250216,device-0014,17.2,Low,18.8,-1.7
es-1428,20250217,device-0014,17.8,Low,17.2,0.7
es-1429,20250218,device-0014,16.6,Low,17.8,-1.2
es-1430,20250219,device-0014,14.8,Low,16.6,-1.8
es-1431,20250220,device-0014,15.6,Low,14.8,0.8
es-1432,20250221,device-0014,14.1,Low,15.6,-1.5
es-1433,20250222,device-0014,14.3,Low,14.1,0.2
es-1434,20250223,device-0014,13.5,Low,14.3,-0.8
es-1435,20250224,device-0014,12.0,Low,13.5,-1.6
es-1436,20250225,device-0014,11.4,Low,12.0,-0.5
es-1437,20250226,device-0014,9.5,Low,11.4,-1.9
es-1438,20250227,device-0014,10.4,Low,9.5,0.9
es-1439,20250228,device-0014,10.2,Low,10.4,-0.2
es-1440,20241201,device-0015,19.4,Low,20.6,-1.2
es-1441,20241202,device-0015,19.0,Low,19.4,-0.4
es-1442,20241203,device-0015,17.6,Low,19.0,-1.3
es-1443,20241204,device-0015,16.6,Low,17.6,-1.1
es-1444,20241205,device-0015,16.4,Low,16.6,-0.1
es-1445,20241206,device-0015,17.3,Low,16.4,0.9
es-1446,20241207,device-0015,16.8,Low,17.3,-0.6
es-1447,20241208,device-0015,17.3,Low,16.8,0.5
es-1448,20241209,device-0015,18.3,Low,17.3,1.1
es-1449,20241210,device-0015,17.1,Low,18.3,-1.2
es-1450,20241211,device-0015,17.9,Low,17.1,0.8
es-1451,20241212,device-0015,18.6,Low,17.9,0.7
es-1452,20241213,device-0015,17.8,Low,18.6,-0.8
es-1453,20241214,device-0015,19.3,Low,17.8,1.5
es-1454,20241215,device-0015,18.2,Low,19.3,-1.1
es-1455,20241216,device-0015,17.1,Low,18.2,-1.1
es-1456,20241217,device-0015,17.8,Low,17.1,0.7
es-1457,20241218,device-0015,17.3,Low,17.8,-0.5
es-1458,20241219,device-0015,16.5,Low,17.3,-0.8
es-1459,20241220,device-0015,15.1,Low,16.5,-1.4
es-1460,20241221,device-0015,15.8,Low,15.1,0.7
es-1461,20241222,device-0015,16.5,Low,15.8,0.8
es-1462,20241223,device-0015,16.5,Low,16.5,-0.0
es-1463,20241224,device-0015,17.9,Low,16.5,1.4
es-1464,20241225,device-0015,17.0,Low,17.9,-0.9
es-1465,20241226,device-0015,15.7,Low,17.0,-1.2
es-1466,20241227,device-0015,16.1,Low,15.7,0.4
es-1467,20241228,device-0015,16.8,Low,16.1,0.7
es-1468,20241229,device-0015,15.6,Low,16.8,-1.2
es-1469,20241230,device-0015,13.8,Low,15.6,-1.7
es-1470,20241231,device-0015,14.7,Low,13.8,0.8
es-1471,20250101,device-0015,16.1,Low,14.7,1.4
es-1472,20250102,device-0015,16.3,Low,16.1,0.3
es-1473,20250103,device-0015,15.3,Low,16.3,-1.0
es-1474,20250104,device-0015,16.8,Low,15.3,1.5
es-1475,20250105,device-0015,17.9,Low,16.8,1.1
es-1476,20250106,device-0015,17.7,Low,17.9,-0.2
es-1477,20250107,device-0015,18.6,Low,17.7,0.9
es-1478,20250108,device-0015,19.5,Low,18.6,0.9
es-1479,20250109,device-0015,20.7,Low,19.5,1.3
es-1480,20250110,device-0015,21.7,Low,20.7,0.9
es-1481,20250111,device-0015,21.9,Low,21.7,0.3
es-1482,20250112,device-0015,22.1,Low,21.9,0.1
es-1483,20250113,device-0015,21.7,Low,22.1,-0.4
es-1484,20250114,device-0015,21.9,Low,21.7,0.2
es-1485,20250115,device-0015,22.7,Low,21.9,0.8
es-1486,20250116,device-0015,24.1,Low,22.7,1.4
es-1487,20250117,device-0015,23.7,Low,24.1,-0.4
es-1488,20250118,device-0015,23.7,Low,23.7,0.0
es-1489,20250119,device-0015,23.3,Low,23.7,-0.4
es-1490,20250120,device-0015,23.6,Low,23.3,0.3
es-1491,20250121,device-0015,23.8,Low,23.6,0.2
es-1492,20250122,device-0015,21.9,Low,23.8,-1.9
es-1493,20250123,device-0015,21.8,Low,21.9,-0.1
es-1494,20250124,device-0015,20.1,Low,21.8,-1.7
es-1495,20250125,device-0015,18.2,Low,20.1,-1.9
es-1496,20250126,device-0015,18.9,Low,18.2,0.8
es-1497,20250127,device-0015,17.8,Low,18.9,-1.1
es-1498,20250128,device-0015,17.0,Low,17.8,-0.8
es-1499,20250129,device-0015,15.3,Low,17.0,-1.8
es-1500,20250130,device-0015,13.9,Low,15.3,-1.4
es-1501,20250131,device-0015,14.6,Low,13.9,0.7
es-1502,20250201,device-0015,14.3,Low,14.6,-0.3
es-1503,20250202,device-0015,15.4,Low,14.3,1.1
es-1504,20250203,device-0015,14.8,Low,15.4,-0.6
es-1505,20250204,device-0015,13.7,Low,14.8,-1.1
es-1506,20250205,device-0015,12.9,Low,13.7,-0.8
es-1507,20250206,device-0015,13.4,Low,12.9,0.5
es-1508,20250207,device-0015,13.4,Low,13.4,-0.1
es-1509,20250208,device-0015,14.5,Low,13.4,1.2
es-1510,20250209,device-0015,14.6,Low,14.5,0.1
es-1511,20250210,device-0015,14.4,Low,14.6,-0.3
es-1512,20250211,device-0015,15.1,Low,14.4,0.8
es-1513,20250212,device-0015,16.4,Low,15.1,1.3
es-1514,20250213,device-0015,15.7,Low,16.4,-0.8
es-1515,20250214,device-0015,14.5,Low,15.7,-1.1
es-1516,20250215,device-0015,14.7,Low,14.5,0.2
es-1517,20250216,device-0015,14.5,Low,14.7,-0.3
es-1518,20250217,device-0015,15.9,Low,14.5,1.5
es-1519,20250218,device-0015,15.5,Low,15.9,-0.4
es-1520,20250219,device-0015,13.8,Low,15.5,-1.7
es-1521,20250220,device-0015,15.2,Low,13.8,1.4
es-1522,20250221,device-0015,16.2,Low,15.2,1.0
es-1523,20250222,device-0015,14.8,Low,16.2,-1.4
es-1524,20250223,device-0015,16.0,Low,14.8,1.2
es-1525,20250224,device-0015,15.1,Low,16.0,-0.8
es-1526,20250225,device-0015,14.5,Low,15.1,-0.7
es-1527,20250226,device-0015,15.6,Low,14.5,1.2
es-1528,20250227,device-0015,15.5,Low,15.6,-0.1
es-1529,20250228,device-0015,14.0,Low,15.5,-1.5
es-1530,20241201,device-0016,30.3,Medium,29.8,0.5
es-1531,20241202,device-0016,28.9,Medium,30.3,-1.4
es-1532,20241203,device-0016,29.0,Medium,28.9,0.1
es-1533,20241204,device-0016,29.4,Medium,29.0,0.4
es-1534,20241205,device-0016,28.6,Medium,29.4,-0.8
es-1535,20241206,device-0016,29.0,Medium,28.6,0.4
es-1536,20241207,device-0016,30.1,Medium,29.0,1.1
es-1537,20241208,device-0016,29.8,Medium,30.1,-0.3
es-1538,20241209,device-0016,29.1,Medium,29.8,-0.7
es-1539,20241210,device-0016,28.0,Medium,29.1,-1.1
es-1540,20241211,device-0016,28.1,Medium,28.0,0.1
es-1541,20241212,device-0016,29.2,Medium,28.1,1.1
es-1542,20241213,device-0016,28.3,Medium,29.2,-0.9
es-1543,20241214,device-0016,27.7,Medium,28.3,-0.6
es-1544,20241215,device-0016,27.1,Medium,27.7,-0.6
es-1545,20241216,device-0016,27.1,Medium,27.1,-0.0
es-1546,20241217,device-0016,25.9,Medium,27.1,-1.2
es-1547,20241218,device-0016,26.8,Medium,25.9,0.9
es-1548,20241219,device-0016,25.8,Medium,26.8,-1.0
es-1549,20241220,device-0016,26.3,Medium,25.8,0.5
es-1550,20241221,device-0016,26.1,Medium,26.3,-0.2
es-1551,20241222,device-0016,26.1,Medium,26.1,0.1
es-1552,20241223,device-0016,24.8,Low,26.1,-1.4
es-1553,20241224,device-0016,25.3,Medium,24.8,0.6
es-1554,20241225,device-0016,24.0,Low,25.3,-1.3
es-1555,20241226,device-0016,22.4,Low,24.0,-1.6
es-1556,20241227,device-0016,22.3,Low,22.4,-0.1
es-1557,20241228,device-0016,22.8,Low,22.3,0.5
es-1558,20241229,device-0016,21.0,Low,22.8,-1.8
es-1559,20241230,device-0016,19.2,Low,21.0,-1.8
es-1560,20241231,device-0016,20.0,Low,19.2,0.8
es-1561,20250101,device-0016,20.8,Low,20.0,0.8
es-1562,20250102,device-0016,19.7,Low,20.8,-1.1
es-1563,20250103,device-0016,19.9,Low,19.7,0.2
es-1564,20250104,device-0016,19.4,Low,19.9,-0.4
es-1565,20250105,device-0016,19.6,Low,19.4,0.2
es-1566,20250106,device-0016,20.6,Low,19.6,1.0
es-1567,20250107,device-0016,18.9,Low,20.6,-1.7
es-1568,20250108,device-0016,19.6,Low,18.9,0.7
es-1569,20250109,device-0016,19.4,Low,19.6,-0.3
es-1570,20250110,device-0016,19.3,Low,19.4,-0.0
es-1571,20250111,device-0016,19.6,Low,19.3,0.3
es-1572,20250112,device-0016,20.9,Low,19.6,1.2
es-1573,20250113,device-0016,19.1,Low,20.9,-1.8
es-1574,20250114,device-0016,17.2,Low,19.1,-1.9
es-1575,20250115,device-0016,15.8,Low,17.2,-1.4
es-1576,20250116,device-0016,17.2,Low,15.8,1.5
es-1577,20250117,device-0016,17.7,Low,17.2,0.5
es-1578,20250118,device-0016,17.9,Low,17.7,0.2
es-1579,20250119,device-0016,16.1,Low,17.9,-1.8
es-1580,20250120,device-0016,17.1,Low,16.1,1.1
es-1581,20250121,device-0016,18.0,Low,17.1,0.8
es-1582,20250122,device-0016,18.3,Low,18.0,0.3
es-1583,20250123,device-0016,17.5,Low,18.3,-0.8
es-1584,20250124,device-0016,15.7,Low,17.5,-1.8
es-1585,20250125,device-0016,15.8,Low,15.7,0.0
es-1586,20250126,device-0016,16.3,Low,15.8,0.5
es-1587,20250127,device-0016,14.6,Low,16.3,-1.7
es-1588,20250128,device-0016,14.8,Low,14.6,0.2
es-1589,20250129,device-0016,13.8,Low,14.8,-1.0
es-1590,20250130,device-0016,14.5,Low,13.8,0.7
es-1591,20250131,device-0016,14.4,Low,14.5,-0.1
es-1592,20250201,device-0016,12.9,Low,14.4,-1.5
es-1593,20250202,device-0016,12.7,Low,12.9,-0.2
es-1594,20250203,device-0016,12.1,Low,12.7,-0.6
es-1595,20250204,device-0016,10.7,Low,12.1,-1.4
es-1596,20250205,device-0016,11.7,Low,10.7,0.9
es-1597,20250206,device-0016,9.7,Low,11.7,-2.0
es-1598,20250207,device-0016,8.8,Low,9.7,-0.9
es-1599,20250208,device-0016,6.8,Low,8.8,-2.0
es-1600,20250209,device-0016,5.2,Low,6.8,-1.7
es-1601,20250210,device-0016,5.0,Low,6.0,-1.0
es-1602,20250211,device-0016,5.0,Low,6.8,-1.8
es-1603,20250212,device-0016,5.1,Low,5.0,0.1
es-1604,20250213,device-0016,5.0,Low,6.7,-1.7
es-1605,20250214,device-0016,5.5,Low,5.0,0.5
es-1606,20250215,device-0016,5.0,Low,6.8,-1.8
es-1607,20250216,device-0016,5.0,Low,6.8,-1.8
es-1608,20250217,device-0016,5.0,Low,5.9,-0.9
es-1609,20250218,device-0016,6.1,Low,5.0,1.1
es-1610,20250219,device-0016,6.4,Low,6.1,0.2
es-1611,20250220,device-0016,7.1,Low,6.4,0.7
es-1612,20250221,device-0016,5.6,Low,7.1,-1.5
es-1613,20250222,device-0016,6.5,Low,5.6,0.9
es-1614,20250223,device-0016,5.0,Low,7.0,-2.0
es-1615,20250224,device-0016,5.0,Low,6.3,-1.3
es-1616,20250225,device-0016,5.2,Low,5.0,0.2
es-1617,20250226,device-0016,5.0,Low,5.7,-0.7
es-1618,20250227,device-0016,6.4,Low,5.0,1.4
es-1619,20250228,device-0016,5.0,Low,6.9,-1.9
es-1620,20241201,device-0017,55.1,High,54.9,0.2
es-1621,20241202,device-0017,55.1,High,55.1,-0.0
es-1622,20241203,device-0017,53.3,High,55.1,-1.8
es-1623,20241204,device-0017,52.2,High,53.3,-1.0
es-1624,20241205,device-0017,53.5,High,52.2,1.2
es-1625,20241206,device-0017,52.7,High,53.5,-0.8
es-1626,20241207,device-0017,53.0,High,52.7,0.3
es-1627,20241208,device-0017,54.5,High,53.0,1.5
es-1628,20241209,device-0017,53.5,High,54.5,-1.1
es-1629,20241210,device-0017,53.5,High,53.5,0.0
es-1630,20241211,device-0017,53.9,High,53.5,0.4
es-1631,20241212,device-0017,52.5,High,53.9,-1.4
es-1632,20241213,device-0017,51.0,High,52.5,-1.5
es-1633,20241214,device-0017,50.6,High,51.0,-0.4
es-1634,20241215,device-0017,50.0,High,50.6,-0.6
es-1635,20241216,device-0017,50.5,High,50.0,0.5
es-1636,20241217,device-0017,48.7,High,50.5,-1.8
es-1637,20241218,device-0017,50.1,High,48.7,1.4
es-1638,20241219,device-0017,48.2,High,50.1,-2.0
es-1639,20241220,device-0017,48.3,High,48.2,0.1
es-1640,20241221,device-0017,48.2,High,48.3,-0.0
es-1641,20241222,device-0017,46.7,High,48.2,-1.5
es-1642,20241223,device-0017,45.2,High,46.7,-1.5
es-1643,20241224,device-0017,46.0,High,45.2,0.8
es-1644,20241225,device-0017,47.1,High,46.0,1.1
es-1645,20241226,device-0017,46.1,High,47.1,-1.0
es-1646,20241227,device-0017,45.6,High,46.1,-0.5
es-1647,20241228,device-0017,44.9,High,45.6,-0.8
es-1648,20241229,device-0017,43.1,High,44.9,-1.7
es-1649,20241230,device-0017,43.5,High,43.1,0.4
es-1650,20241231,device-0017,44.4,High,43.5,0.9
es-1651,20250101,device-0017,43.4,High,44.4,-0.9
es-1652,20250102,device-0017,44.9,High,43.4,1.5
es-1653,20250103,device-0017,43.2,High,44.9,-1.7
es-1654,20250104,device-0017,43.5,High,43.2,0.3
es-1655,20250105,device-0017,43.1,High,43.5,-0.4
es-1656,20250106,device-0017,42.6,High,43.1,-0.4
es-1657,20250107,device-0017,42.2,High,42.6,-0.4
es-1658,20250108,device-0017,41.1,High,42.2,-1.1
es-1659,20250109,device-0017,41.6,High,41.1,0.5
es-1660,20250110,device-0017,42.2,High,41.6,0.5
es-1661,20250111,device-0017,41.1,High,42.2,-1.0
es-1662,20250112,device-0017,42.1,High,41.1,0.9
es-1663,20250113,device-0017,41.2,High,42.1,-0.9
es-1664,20250114,device-0017,41.7,High,41.2,0.5
es-1665,20250115,device-0017,40.1,High,41.7,-1.6
es-1666,20250116,device-0017,38.7,Medium,40.1,-1.4
es-1667,20250117,device-0017,37.8,Medium,38.7,-0.9
es-1668,20250118,device-0017,37.9,Medium,37.8,0.1
es-1669,20250119,device-0017,38.2,Medium,37.9,0.3
es-1670,20250120,device-0017,37.6,Medium,38.2,-0.6
es-1671,20250121,device-0017,35.8,Medium,37.6,-1.7
es-1672,20250122,device-0017,35.1,Medium,35.8,-0.7
es-1673,20250123,device-0017,35.5,Medium,35.1,0.4
es-1674,20250124,device-0017,35.9,Medium,35.5,0.3
es-1675,20250125,device-0017,34.5,Medium,35.9,-1.4
es-1676,20250126,device-0017,32.5,Medium,34.5,-2.0
es-1677,20250127,device-0017,33.1,Medium,32.5,0.6
es-1678,20250128,device-0017,31.5,Medium,33.1,-1.6
es-1679,20250129,device-0017,29.8,Medium,31.5,-1.7
es-1680,20250130,device-0017,27.8,Medium,29.8,-2.0
es-1681,20250131,device-0017,27.3,Medium,27.8,-0.5
es-1682,20250201,device-0017,27.1,Medium,27.3,-0.2
es-1683,20250202,device-0017,27.3,Medium,27.1,0.2
es-1684,20250203,device-0017,26.3,Medium,27.3,-1.0
es-1685,20250204,device-0017,26.8,Medium,26.3,0.5
es-1686,20250205,device-0017,25.4,Medium,26.8,-1.4
es-1687,20250206,device-0017,26.3,Medium,25.4,0.9
es-1688,20250207,device-0017,26.3,Medium,26.3,0.0
es-1689,20250208,device-0017,26.4,Medium,26.3,0.0
es-1690,20250209,device-0017,25.1,Medium,26.4,-1.3
es-1691,20250210,device-0017,23.4,Low,25.1,-1.7
es-1692,20250211,device-0017,23.0,Low,23.4,-0.4
es-1693,20250212,device-0017,23.1,Low,23.0,0.2
es-1694,20250213,device-0017,21.5,Low,23.1,-1.7
es-1695,20250214,device-0017,22.8,Low,21.5,1.3
es-1696,20250215,device-0017,24.2,Low,22.8,1.4
es-1697,20250216,device-0017,24.1,Low,24.2,-0.1
es-1698,20250217,device-0017,25.5,Medium,24.1,1.3
es-1699,20250218,device-0017,24.1,Low,25.5,-1.4
es-1700,20250219,device-0017,22.2,Low,24.1,-1.9
es-1701,20250220,device-0017,20.3,Low,22.2,-1.9
es-1702,20250221,device-0017,20.4,Low,20.3,0.1
es-1703,20250222,device-0017,18.6,Low,20.4,-1.8
es-1704,20250223,device-0017,20.0,Low,18.6,1.4
es-1705,20250224,device-0017,18.4,Low,20.0,-1.5
es-1706,20250225,device-0017,17.5,Low,18.4,-0.9
es-1707,20250226,device-0017,18.4,Low,17.5,0.9
es-1708,20250227,device-0017,17.2,Low,18.4,-1.2
es-1709,20250228,device-0017,16.0,Low,17.2,-1.1
es-1710,20241201,device-0018,39.7,Medium,40.7,-1.0
es-1711,20241202,device-0018,38.4,Medium,39.7,-1.2
es-1712,20241203,device-0018,37.3,Medium,38.4,-1.1
es-1713,20241204,device-0018,37.0,Medium,37.3,-0.3
es-1714,20241205,device-0018,38.4,Medium,37.0,1.4
es-1715,20241206,device-0018,39.3,Medium,38.4,0.9
es-1716,20241207,device-0018,38.3,Medium,39.3,-1.0
es-1717,20241208,device-0018,37.6,Medium,38.3,-0.7
es-1718,20241209,device-0018,37.2,Medium,37.6,-0.4
es-1719,20241210,device-0018,38.6,Medium,37.2,1.4
es-1720,20241211,device-0018,37.2,Medium,38.6,-1.4
es-1721,20241212,device-0018,36.5,Medium,37.2,-0.7
es-1722,20241213,device-0018,37.0,Medium,36.5,0.6
es-1723,20241214,device-0018,38.4,Medium,37.0,1.4
es-1724,20241215,device-0018,37.0,Medium,38.4,-1.5
es-1725,20241216,device-0018,35.8,Medium,37.0,-1.2
es-1726,20241217,device-0018,34.6,Medium,35.8,-1.2
es-1727,20241218,device-0018,32.6,Medium,34.6,-1.9
es-1728,20241219,device-0018,32.7,Medium,32.6,0.1
es-1729,20241220,device-0018,33.1,Medium,32.7,0.3
es-1730,20241221,device-0018,33.2,Medium,33.1,0.1
es-1731,20241222,device-0018,31.4,Medium,33.2,-1.8
es-1732,20241223,device-0018,29.7,Medium,31.4,-1.8
es-1733,20241224,device-0018,28.4,Medium,29.7,-1.3
es-1734,20241225,device-0018,27.4,Medium,28.4,-1.0
es-1735,20241226,device-0018,28.2,Medium,27.4,0.8
es-1736,20241227,device-0018,26.8,Medium,28.2,-1.4
es-1737,20241228,device-0018,24.9,Low,26.8,-1.8
es-1738,20241229,device-0018,24.3,Low,24.9,-0.6
es-1739,20241230,device-0018,23.7,Low,24.3,-0.5
es-1740,20241231,device-0018,23.3,Low,23.7,-0.4
es-1741,20250101,device-0018,24.2,Low,23.3,0.9
es-1742,20250102,device-0018,22.6,Low,24.2,-1.7
es-1743,20250103,device-0018,23.0,Low,22.6,0.5
es-1744,20250104,device-0018,22.2,Low,23.0,-0.8
es-1745,20250105,device-0018,21.3,Low,22.2,-0.9
es-1746,20250106,device-0018,22.6,Low,21.3,1.3
es-1747,20250107,device-0018,21.4,Low,22.6,-1.1
es-1748,20250108,device-0018,21.7,Low,21.4,0.2
es-1749,20250109,device-0018,20.6,Low,21.7,-1.0
es-1750,20250110,device-0018,20.4,Low,20.6,-0.2
es-1751,20250111,device-0018,21.2,Low,20.4,0.8
es-1752,20250112,device-0018,22.2,Low,21.2,1.1
es-1753,20250113,device-0018,23.2,Low,22.2,0.9
es-1754,20250114,device-0018,23.2,Low,23.2,0.0
es-1755,20250115,device-0018,22.1,Low,23.2,-1.1
es-1756,20250116,device-0018,22.4,Low,22.1,0.3
es-1757,20250117,device-0018,22.9,Low,22.4,0.5
es-1758,20250118,device-0018,20.9,Low,22.9,-2.0
es-1759,20250119,device-0018,20.5,Low,20.9,-0.5
es-1760,20250120,device-0018,21.4,Low,20.5,1.0
es-1761,20250121,device-0018,21.1,Low,21.4,-0.3
es-1762,20250122,device-0018,20.2,Low,21.1,-0.9
es-1763,20250123,device-0018,21.3,Low,20.2,1.1
es-1764,20250124,device-0018,19.8,Low,21.3,-1.5
es-1765,20250125,device-0018,18.5,Low,19.8,-1.3
es-1766,20250126,device-0018,18.9,Low,18.5,0.4
es-1767,20250127,device-0018,18.2,Low,18.9,-0.8
es-1768,20250128,device-0018,18.7,Low,18.2,0.5
es-1769,20250129,device-0018,17.2,Low,18.7,-1.4
es-1770,20250130,device-0018,16.1,Low,17.2,-1.1
es-1771,20250131,device-0018,14.7,Low,16.1,-1.5
es-1772,20250201,device-0018,16.0,Low,14.7,1.3
es-1773,20250202,device-0018,15.4,Low,16.0,-0.6
es-1774,20250203,device-0018,14.6,Low,15.4,-0.8
es-1775,20250204,device-0018,12.6,Low,14.6,-2.0
es-1776,20250205,device-0018,11.2,Low,12.6,-1.5
es-1777,20250206,device-0018,10.7,Low,11.2,-0.5
es-1778,20250207,device-0018,8.9,Low,10.7,-1.8
es-1779,20250208,device-0018,8.7,Low,8.9,-0.2
es-1780,20250209,device-0018,8.3,Low,8.7,-0.4
es-1781,20250210,device-0018,9.0,Low,8.3,0.7
es-1782,20250211,device-0018,9.3,Low,9.0,0.3
es-1783,20250212,device-0018,8.8,Low,9.3,-0.4
es-1784,20250213,device-0018,7.6,Low,8.8,-1.2
es-1785,20250214,device-0018,8.2,Low,7.6,0.5
es-1786,20250215,device-0018,8.6,Low,8.2,0.5
es-1787,20250216,device-0018,7.2,Low,8.6,-1.5
es-1788,20250217,device-0018,8.4,Low,7.2,1.2
es-1789,20250218,device-0018,6.6,Low,8.4,-1.8
es-1790,20250219,device-0018,5.0,Low,6.8,-1.8
es-1791,20250220,device-0018,5.0,Low,6.3,-1.3
es-1792,20250221,device-0018,6.2,Low,5.0,1.2
es-1793,20250222,device-0018,6.0,Low,6.2,-0.2
es-1794,20250223,device-0018,6.8,Low,6.0,0.8
es-1795,20250224,device-0018,5.6,Low,6.8,-1.2
es-1796,20250225,device-0018,5.3,Low,5.6,-0.3
es-1797,20250226,device-0018,5.0,Low,5.7,-0.7
es-1798,20250227,device-0018,5.9,Low,5.0,0.9
es-1799,20250228,device-0018,5.0,Low,6.9,-1.9
es-1800,20241201,device-0019,23.3,Low,24.8,-1.5
es-1801,20241202,device-0019,24.3,Low,23.3,1.0
es-1802,20241203,device-0019,23.9,Low,24.3,-0.4
es-1803,20241204,device-0019,23.3,Low,23.9,-0.6
es-1804,20241205,device-0019,22.9,Low,23.3,-0.4
es-1805,20241206,device-0019,24.3,Low,22.9,1.4
es-1806,20241207,device-0019,25.3,Medium,24.3,1.0
es-1807,20241208,device-0019,25.8,Medium,25.3,0.5
es-1808,20241209,device-0019,24.8,Low,25.8,-1.0
es-1809,20241210,device-0019,23.4,Low,24.8,-1.4
es-1810,20241211,device-0019,24.6,Low,23.4,1.2
es-1811,20241212,device-0019,24.1,Low,24.6,-0.5
es-1812,20241213,device-0019,23.0,Low,24.1,-1.0
es-1813,20241214,device-0019,22.7,Low,23.0,-0.4
es-1814,20241215,device-0019,23.9,Low,22.7,1.2
es-1815,20241216,device-0019,23.3,Low,23.9,-0.6
es-1816,20241217,device-0019,23.2,Low,23.3,-0.0
es-1817,20241218,device-0019,24.0,Low,23.2,0.8
es-1818,20241219,device-0019,23.5,Low,24.0,-0.5
es-1819,20241220,device-0019,22.4,Low,23.5,-1.2
es-1820,20241221,device-0019,23.8,Low,22.4,1.5
es-1821,20241222,device-0019,25.2,Medium,23.8,1.3
es-1822,20241223,device-0019,26.1,Medium,25.2,1.0
es-1823,20241224,device-0019,26.5,Medium,26.1,0.4
es-1824,20241225,device-0019,25.6,Medium,26.5,-1.0
es-1825,20241226,device-0019,26.8,Medium,25.6,1.2
es-1826,20241227,device-0019,25.7,Medium,26.8,-1.0
es-1827,20241228,device-0019,26.5,Medium,25.7,0.8
es-1828,20241229,device-0019,27.8,Medium,26.5,1.2
es-1829,20241230,device-0019,27.9,Medium,27.8,0.1
es-1830,20241231,device-0019,28.7,Medium,27.9,0.8
es-1831,20250101,device-0019,29.4,Medium,28.7,0.8
es-1832,20250102,device-0019,28.1,Medium,29.4,-1.3
es-1833,20250103,device-0019,28.5,Medium,28.1,0.3
es-1834,20250104,device-0019,26.8,Medium,28.5,-1.7
es-1835,20250105,device-0019,26.6,Medium,26.8,-0.2
es-1836,20250106,device-0019,25.1,Medium,26.6,-1.4
es-1837,20250107,device-0019,24.6,Low,25.1,-0.5
es-1838,20250108,device-0019,25.5,Medium,24.6,0.9
es-1839,20250109,device-0019,27.0,Medium,25.5,1.5
es-1840,20250110,device-0019,26.1,Medium,27.0,-0.9
es-1841,20250111,device-0019,25.9,Medium,26.1,-0.1
es-1842,20250112,device-0019,25.7,Medium,25.9,-0.2
es-1843,20250113,device-0019,27.1,Medium,25.7,1.3
es-1844,20250114,device-0019,26.7,Medium,27.1,-0.3
es-1845,20250115,device-0019,27.2,Medium,26.7,0.4
es-1846,20250116,device-0019,28.4,Medium,27.2,1.2
es-1847,20250117,device-0019,27.7,Medium,28.4,-0.7
es-1848,20250118,device-0019,28.9,Medium,27.7,1.2
es-1849,20250119,device-0019,30.1,Medium,28.9,1.2
es-1850,20250120,device-0019,31.3,Medium,30.1,1.3
es-1851,20250121,device-0019,30.3,Medium,31.3,-1.1
es-1852,20250122,device-0019,29.7,Medium,30.3,-0.6
es-1853,20250123,device-0019,30.7,Medium,29.7,1.0
es-1854,20250124,device-0019,30.0,Medium,30.7,-0.7
es-1855,20250125,device-0019,30.1,Medium,30.0,0.1
es-1856,20250126,device-0019,28.5,Medium,30.1,-1.6
es-1857,20250127,device-0019,26.7,Medium,28.5,-1.8
es-1858,20250128,device-0019,26.1,Medium,26.7,-0.6
es-1859,20250129,device-0019,26.2,Medium,26.1,0.0
es-1860,20250130,device-0019,25.5,Medium,26.2,-0.6
es-1861,20250131,device-0019,25.6,Medium,25.5,0.0
es-1862,20250201,device-0019,25.4,Medium,25.6,-0.2
es-1863,20250202,device-0019,25.8,Medium,25.4,0.4
es-1864,20250203,device-0019,26.0,Medium,25.8,0.3
es-1865,20250204,device-0019,25.5,Medium,26.0,-0.5
es-1866,20250205,device-0019,25.0,Medium,25.5,-0.5
es-1867,20250206,device-0019,23.5,Low,25.0,-1.5
es-1868,20250207,device-0019,23.3,Low,23.5,-0.2
es-1869,20250208,device-0019,23.4,Low,23.3,0.1
es-1870,20250209,device-0019,23.0,Low,23.4,-0.3
es-1871,20250210,device-0019,22.2,Low,23.0,-0.9
es-1872,20250211,device-0019,22.7,Low,22.2,0.5
es-1873,20250212,device-0019,21.0,Low,22.7,-1.7
es-1874,20250213,device-0019,22.2,Low,21.0,1.2
es-1875,20250214,device-0019,20.2,Low,22.2,-1.9
es-1876,20250215,device-0019,21.6,Low,20.2,1.4
es-1877,20250216,device-0019,21.2,Low,21.6,-0.4
es-1878,20250217,device-0019,20.7,Low,21.2,-0.6
es-1879,20250218,device-0019,19.6,Low,20.7,-1.1
es-1880,20250219,device-0019,17.6,Low,19.6,-2.0
es-1881,20250220,device-0019,16.6,Low,17.6,-1.0
es-1882,20250221,device-0019,14.9,Low,16.6,-1.6
es-1883,20250222,device-0019,15.2,Low,14.9,0.3
es-1884,20250223,device-0019,14.4,Low,15.2,-0.9
es-1885,20250224,device-0019,15.1,Low,14.4,0.7
es-1886,20250225,device-0019,13.8,Low,15.1,-1.3
es-1887,20250226,device-0019,14.9,Low,13.8,1.2
es-1888,20250227,device-0019,14.8,Low,14.9,-0.2
es-1889,20250228,device-0019,13.2,Low,14.8,-1.6
